Workbook

Sheet title
A1: オフセット | B1: 名称 | C1: ウィンドウNo. | D1: 幅[px] | E1: 高さ[px] | F1: type | G1: type_idx | H1: st No.
A2: 0 | B2: 軸1 タイトル | C2: 1000 | D2: 800 | E2: 32 | F2: axis | G2: 1 | H2: {=IF(AND(LEN(F2)*LEN(G2)),IFERROR(INDEX(info_index!$D$2:$D$51,MATCH(F2&G2,info_index!$B$2:$B$51&info_index!$C$2:$C$51,0),1),""),"")} -> 7 | I2: *
A3: 1 | B3: 軸2 タイトル | C3: 1005 | D3: 800 | E3: 32 | F3: axis | G3: 2 | H3: {=IF(AND(LEN(F3)*LEN(G3)),IFERROR(INDEX(info_index!$D$2:$D$51,MATCH(F3&G3,info_index!$B$2:$B$51&info_index!$C$2:$C$51,0),1),""),"")} -> 6 | I3: *
A4: 2 | B4: 軸3 タイトル | C4: 1010 | D4: 800 | E4: 32 | F4: axis | G4: 3 | H4: {=IF(AND(LEN(F4)*LEN(G4)),IFERROR(INDEX(info_index!$D$2:$D$51,MATCH(F4&G4,info_index!$B$2:$B$51&info_index!$C$2:$C$51,0),1),""),"")} -> 7 | I4: *
A5: 3 | B5: 軸4 タイトル | C5: 1015 | D5: 800 | E5: 32 | F5: axis | G5: 4 | H5: {=IF(AND(LEN(F5)*LEN(G5)),IFERROR(INDEX(info_index!$D$2:$D$51,MATCH(F5&G5,info_index!$B$2:$B$51&info_index!$C$2:$C$51,0),1),""),"")} -> 8 | I5: *
A6: 4 | B6: 軸5 タイトル | C6: 1020 | D6: 800 | E6: 32 | F6: axis | G6: 5 | H6: {=IF(AND(LEN(F6)*LEN(G6)),IFERROR(INDEX(info_index!$D$2:$D$51,MATCH(F6&G6,info_index!$B$2:$B$51&info_index!$C$2:$C$51,0),1),""),"")} -> 3 | I6: *
A7: 5 | B7: 軸6 タイトル | C7: 1025 | D7: 800 | E7: 32 | F7: axis | G7: 6 | H7: {=IF(AND(LEN(F7)*LEN(G7)),IFERROR(INDEX(info_index!$D$2:$D$51,MATCH(F7&G7,info_index!$B$2:$B$51&info_index!$C$2:$C$51,0),1),""),"")} -> 3 | I7: *
A8: 6 | B8: 軸7 タイトル | C8: 1030 | D8: 800 | E8: 32 | F8: axis | G8: 7 | H8: {=IF(AND(LEN(F8)*LEN(G8)),IFERROR(INDEX(info_index!$D$2:$D$51,MATCH(F8&G8,info_index!$B$2:$B$51&info_index!$C$2:$C$51,0),1),""),"")} -> 1 | I8: *
A9: 7 | B9: 軸8 タイトル | C9: 1035 | D9: 800 | E9: 32 | F9: axis | G9: 8 | H9: {=IF(AND(LEN(F9)*LEN(G9)),IFERROR(INDEX(info_index!$D$2:$D$51,MATCH(F9&G9,info_index!$B$2:$B$51&info_index!$C$2:$C$51,0),1),""),"")} -> 10 | I9: *
A10: 8 | B10: 軸9 タイトル | C10: 1040 | D10: 800 | E10: 32 | F10: axis | G10: 9 | H10: {=IF(AND(LEN(F10)*LEN(G10)),IFERROR(INDEX(info_index!$D$2:$D$51,MATCH(F10&G10,info_index!$B$2:$B$51&info_index!$C$2:$C$51,0),1),""),"")} -> 10 | I10: *
A11: 9 | B11: 軸10 タイトル | C11: 1045 | D11: 800 | E11: 32 | F11: axis | G11: 10 | H11: {=IF(AND(LEN(F11)*LEN(G11)),IFERROR(INDEX(info_index!$D$2:$D$51,MATCH(F11&G11,info_index!$B$2:$B$51&info_index!$C$2:$C$51,0),1),""),"")} -> 0 | I11: *
A12: 10 | B12: 軸11 タイトル | C12: 1050 | D12: 800 | E12: 32 | F12: axis | G12: 11 | H12: {=IF(AND(LEN(F12)*LEN(G12)),IFERROR(INDEX(info_index!$D$2:$D$51,MATCH(F12&G12,info_index!$B$2:$B$51&info_index!$C$2:$C$51,0),1),""),"")} -> 0 | I12: *
A13: 11 | B13: 軸12 タイトル | C13: 1055 | D13: 800 | E13: 32 | F13: axis | G13: 12 | H13: {=IF(AND(LEN(F13)*LEN(G13)),IFERROR(INDEX(info_index!$D$2:$D$51,MATCH(F13&G13,info_index!$B$2:$B$51&info_index!$C$2:$C$51,0),1),""),"")} -> 0 | I13: *
... A37: 35 | B37: エレシリ1 タイトル | C37: 1200 | D37: 800 | E37: 32 | F37: EC | G37: 1 | H37: {=IF(AND(LEN(F37)*LEN(G37)),IFERROR(INDEX(info_index!$D$2:$D$51,MATCH(F37&G37,info_index!$B$2:$B$51&info_index!$C$2:$C$51,0),1),""),"")} -> 1 | I37: *
A38: 36 | H38: {=IF(AND(LEN(F38)*LEN(G38)),IFERROR(INDEX(info_index!$D$2:$D$51,MATCH(F38&G38,info_index!$B$2:$B$51&info_index!$C$2:$C$51,0),1),""),"")} | I38: *
A39: 37 | H39: {=IF(AND(LEN(F39)*LEN(G39)),IFERROR(INDEX(info_index!$D$2:$D$51,MATCH(F39&G39,info_index!$B$2:$B$51&info_index!$C$2:$C$51,0),1),""),"")} | I39: *
A40: 38 | H40: {=IF(AND(LEN(F40)*LEN(G40)),IFERROR(INDEX(info_index!$D$2:$D$51,MATCH(F40&G40,info_index!$B$2:$B$51&info_index!$C$2:$C$51,0),1),""),"")} | I40: *
A41: 39 | H41: {=IF(AND(LEN(F41)*LEN(G41)),IFERROR(INDEX(info_index!$D$2:$D$51,MATCH(F41&G41,info_index!$B$2:$B$51&info_index!$C$2:$C$51,0),1),""),"")} | I41: *
A42: 40 | H42: {=IF(AND(LEN(F42)*LEN(G42)),IFERROR(INDEX(info_index!$D$2:$D$51,MATCH(F42&G42,info_index!$B$2:$B$51&info_index!$C$2:$C$51,0),1),""),"")} | I42: *
A43: 41 | H43: {=IF(AND(LEN(F43)*LEN(G43)),IFERROR(INDEX(info_index!$D$2:$D$51,MATCH(F43&G43,info_index!$B$2:$B$51&info_index!$C$2:$C$51,0),1),""),"")} | I43: *
A44: 42 | H44: {=IF(AND(LEN(F44)*LEN(G44)),IFERROR(INDEX(info_index!$D$2:$D$51,MATCH(F44&G44,info_index!$B$2:$B$51&info_index!$C$2:$C$51,0),1),""),"")} | I44: *
A45: 43 | H45: {=IF(AND(LEN(F45)*LEN(G45)),IFERROR(INDEX(info_index!$D$2:$D$51,MATCH(F45&G45,info_index!$B$2:$B$51&info_index!$C$2:$C$51,0),1),""),"")} | I45: *
A46: 44 | H46: {=IF(AND(LEN(F46)*LEN(G46)),IFERROR(INDEX(info_index!$D$2:$D$51,MATCH(F46&G46,info_index!$B$2:$B$51&info_index!$C$2:$C$51,0),1),""),"")} | I46: *
A47: 45 | H47: {=IF(AND(LEN(F47)*LEN(G47)),IFERROR(INDEX(info_index!$D$2:$D$51,MATCH(F47&G47,info_index!$B$2:$B$51&info_index!$C$2:$C$51,0),1),""),"")} | I47: *
A48: 46 | H48: {=IF(AND(LEN(F48)*LEN(G48)),IFERROR(INDEX(info_index!$D$2:$D$51,MATCH(F48&G48,info_index!$B$2:$B$51&info_index!$C$2:$C$51,0),1),""),"")} | I48: *
A49: 47 | H49: {=IF(AND(LEN(F49)*LEN(G49)),IFERROR(INDEX(info_index!$D$2:$D$51,MATCH(F49&G49,info_index!$B$2:$B$51&info_index!$C$2:$C$51,0),1),""),"")} | I49: *
... A2049: 2047 | H2049: {=IF(AND(LEN(F2049)*LEN(G2049)),IFERROR(INDEX(info_index!$D$2:$D$51,MATCH(F2049&G2049,info_index!$B$2:$B$51&info_index!$C$2:$C$51,0),1),""),"")} | I2049: *

Sheet title_scripts
A1: 緒言 | D1: ウィンドウNo. | E1: id | F1: 名称 | G1: ウィンドウNo. | H1: 幅 | I1: 高さ | J1: ウィンドウあり | K1: ウィンドウ数 | L1: デバイス番号 | M1: =G1 -> ウィンドウNo. | O1: =H1 -> 幅 | P1: =I1 -> 高さ | Q1: スクリプト
A2: 開始デバイス | B2: 8260 | D2: 0 | E2: =IFERROR(INDEX(title!$A$2:$A$2049,MATCH($D2,title!$C$2:$C$2049,0),1),"") | F2: =IFERROR(INDEX(title!$B$2:$B$2049,MATCH($D2,title!$C$2:$C$2049,0),1),"") | G2: =IFERROR(INDEX(title!$C$2:$C$2049,MATCH($D2,title!$C$2:$C$2049,0),1),"") | H2: =IFERROR(INDEX(title!$D$2:$D$2049,MATCH($D2,title!$C$2:$C$2049,0),1),"") | I2: =IFERROR(INDEX(title!$E$2:$E$2049,MATCH($D2,title!$C$2:$C$2049,0),1),"") | J2: =IF(AND(LENB(G2),0<G2,LENB(H2),0<H2),"●","") | K2: =IF(LENB(J2),COUNTIF(J$2:J2,"●"),"") | L2: =IF(AND(LENB(K2),LENB($B$2),LENB($B$3)),$B$2+$B$3*(K2),"") | M2: =IF(LENB($L2),$B$4&$L2+COLUMN()-COLUMN($M2)&".U = "&G2&CHAR(9)&"'"&M$1,"") | O2: =IF(LENB($L2),$B$4&$L2+COLUMN()-COLUMN($M2)&".U = "&H2&CHAR(9)&"'"&O$1,"") | P2: =IF(LENB($L2),$B$4&$L2+COLUMN()-COLUMN($M2)&".U = "&I2&CHAR(9)&"'"&P$1,"") | Q2: =IF(LENB(K2),IF(1<K2,CHAR(10),"")&"'"&IF(F2=0,"名称未設定",F2)&CHAR(10)&M2&CHAR(10)&O2&CHAR(10)&P2,"")
A3: デバイス間隔 | B3: 4 | D3: 1 | E3: =IFERROR(INDEX(title!$A$2:$A$2049,MATCH($D3,title!$C$2:$C$2049,0),1),"") | F3: =IFERROR(INDEX(title!$B$2:$B$2049,MATCH($D3,title!$C$2:$C$2049,0),1),"") | G3: =IFERROR(INDEX(title!$C$2:$C$2049,MATCH($D3,title!$C$2:$C$2049,0),1),"") | H3: =IFERROR(INDEX(title!$D$2:$D$2049,MATCH($D3,title!$C$2:$C$2049,0),1),"") | I3: =IFERROR(INDEX(title!$E$2:$E$2049,MATCH($D3,title!$C$2:$C$2049,0),1),"") | J3: =IF(AND(LENB(G3),0<G3,LENB(H3),0<H3),"●","") | K3: =IF(LENB(J3),COUNTIF(J$2:J3,"●"),"") | L3: =IF(AND(LENB(K3),LENB($B$2),LENB($B$3)),$B$2+$B$3*(K3),"") | M3: =IF(LENB($L3),$B$4&$L3+COLUMN()-COLUMN($M3)&".U = "&G3&CHAR(9)&"'"&M$1,"") | O3: =IF(LENB($L3),$B$4&$L3+COLUMN()-COLUMN($M3)&".U = "&H3&CHAR(9)&"'"&O$1,"") | P3: =IF(LENB($L3),$B$4&$L3+COLUMN()-COLUMN($M3)&".U = "&I3&CHAR(9)&"'"&P$1,"") | Q3: =IF(LENB(K3),IF(1<K3,CHAR(10),"")&"'"&IF(F3=0,"名称未設定",F3)&CHAR(10)&M3&CHAR(10)&O3&CHAR(10)&P3,"")
A4: デバイス種別 | B4: DM | D4: 2 | E4: =IFERROR(INDEX(title!$A$2:$A$2049,MATCH($D4,title!$C$2:$C$2049,0),1),"") | F4: =IFERROR(INDEX(title!$B$2:$B$2049,MATCH($D4,title!$C$2:$C$2049,0),1),"") | G4: =IFERROR(INDEX(title!$C$2:$C$2049,MATCH($D4,title!$C$2:$C$2049,0),1),"") | H4: =IFERROR(INDEX(title!$D$2:$D$2049,MATCH($D4,title!$C$2:$C$2049,0),1),"") | I4: =IFERROR(INDEX(title!$E$2:$E$2049,MATCH($D4,title!$C$2:$C$2049,0),1),"") | J4: =IF(AND(LENB(G4),0<G4,LENB(H4),0<H4),"●","") | K4: =IF(LENB(J4),COUNTIF(J$2:J4,"●"),"") | L4: =IF(AND(LENB(K4),LENB($B$2),LENB($B$3)),$B$2+$B$3*(K4),"") | M4: =IF(LENB($L4),$B$4&$L4+COLUMN()-COLUMN($M4)&".U = "&G4&CHAR(9)&"'"&M$1,"") | O4: =IF(LENB($L4),$B$4&$L4+COLUMN()-COLUMN($M4)&".U = "&H4&CHAR(9)&"'"&O$1,"") | P4: =IF(LENB($L4),$B$4&$L4+COLUMN()-COLUMN($M4)&".U = "&I4&CHAR(9)&"'"&P$1,"") | Q4: =IF(LENB(K4),IF(1<K4,CHAR(10),"")&"'"&IF(F4=0,"名称未設定",F4)&CHAR(10)&M4&CHAR(10)&O4&CHAR(10)&P4,"")
D5: 3 | E5: =IFERROR(INDEX(title!$A$2:$A$2049,MATCH($D5,title!$C$2:$C$2049,0),1),"") | F5: =IFERROR(INDEX(title!$B$2:$B$2049,MATCH($D5,title!$C$2:$C$2049,0),1),"") | G5: =IFERROR(INDEX(title!$C$2:$C$2049,MATCH($D5,title!$C$2:$C$2049,0),1),"") | H5: =IFERROR(INDEX(title!$D$2:$D$2049,MATCH($D5,title!$C$2:$C$2049,0),1),"") | I5: =IFERROR(INDEX(title!$E$2:$E$2049,MATCH($D5,title!$C$2:$C$2049,0),1),"") | J5: =IF(AND(LENB(G5),0<G5,LENB(H5),0<H5),"●","") | K5: =IF(LENB(J5),COUNTIF(J$2:J5,"●"),"") | L5: =IF(AND(LENB(K5),LENB($B$2),LENB($B$3)),$B$2+$B$3*(K5),"") | M5: =IF(LENB($L5),$B$4&$L5+COLUMN()-COLUMN($M5)&".U = "&G5&CHAR(9)&"'"&M$1,"") | O5: =IF(LENB($L5),$B$4&$L5+COLUMN()-COLUMN($M5)&".U = "&H5&CHAR(9)&"'"&O$1,"") | P5: =IF(LENB($L5),$B$4&$L5+COLUMN()-COLUMN($M5)&".U = "&I5&CHAR(9)&"'"&P$1,"") | Q5: =IF(LENB(K5),IF(1<K5,CHAR(10),"")&"'"&IF(F5=0,"名称未設定",F5)&CHAR(10)&M5&CHAR(10)&O5&CHAR(10)&P5,"")
A6: 先頭注記 | B6: ="このスクリプトは "&B11&" によって生成されました。" -> このスクリプトは C:\tk\prj\hg-0025-0016\git\kv-x520\doc\[kv_script_conv_TP1_popup.xlsx]title_scripts(変数) によって生成されました。 | D6: 4 | E6: =IFERROR(INDEX(title!$A$2:$A$2049,MATCH($D6,title!$C$2:$C$2049,0),1),"") | F6: =IFERROR(INDEX(title!$B$2:$B$2049,MATCH($D6,title!$C$2:$C$2049,0),1),"") | G6: =IFERROR(INDEX(title!$C$2:$C$2049,MATCH($D6,title!$C$2:$C$2049,0),1),"") | H6: =IFERROR(INDEX(title!$D$2:$D$2049,MATCH($D6,title!$C$2:$C$2049,0),1),"") | I6: =IFERROR(INDEX(title!$E$2:$E$2049,MATCH($D6,title!$C$2:$C$2049,0),1),"") | J6: =IF(AND(LENB(G6),0<G6,LENB(H6),0<H6),"●","") | K6: =IF(LENB(J6),COUNTIF(J$2:J6,"●"),"") | L6: =IF(AND(LENB(K6),LENB($B$2),LENB($B$3)),$B$2+$B$3*(K6),"") | M6: =IF(LENB($L6),$B$4&$L6+COLUMN()-COLUMN($M6)&".U = "&G6&CHAR(9)&"'"&M$1,"") | O6: =IF(LENB($L6),$B$4&$L6+COLUMN()-COLUMN($M6)&".U = "&H6&CHAR(9)&"'"&O$1,"") | P6: =IF(LENB($L6),$B$4&$L6+COLUMN()-COLUMN($M6)&".U = "&I6&CHAR(9)&"'"&P$1,"") | Q6: =IF(LENB(K6),IF(1<K6,CHAR(10),"")&"'"&IF(F6=0,"名称未設定",F6)&CHAR(10)&M6&CHAR(10)&O6&CHAR(10)&P6,"")
A7: 末尾注記 | B7: -----ここまで生成script----- | D7: 5 | E7: =IFERROR(INDEX(title!$A$2:$A$2049,MATCH($D7,title!$C$2:$C$2049,0),1),"") | F7: =IFERROR(INDEX(title!$B$2:$B$2049,MATCH($D7,title!$C$2:$C$2049,0),1),"") | G7: =IFERROR(INDEX(title!$C$2:$C$2049,MATCH($D7,title!$C$2:$C$2049,0),1),"") | H7: =IFERROR(INDEX(title!$D$2:$D$2049,MATCH($D7,title!$C$2:$C$2049,0),1),"") | I7: =IFERROR(INDEX(title!$E$2:$E$2049,MATCH($D7,title!$C$2:$C$2049,0),1),"") | J7: =IF(AND(LENB(G7),0<G7,LENB(H7),0<H7),"●","") | K7: =IF(LENB(J7),COUNTIF(J$2:J7,"●"),"") | L7: =IF(AND(LENB(K7),LENB($B$2),LENB($B$3)),$B$2+$B$3*(K7),"") | M7: =IF(LENB($L7),$B$4&$L7+COLUMN()-COLUMN($M7)&".U = "&G7&CHAR(9)&"'"&M$1,"") | O7: =IF(LENB($L7),$B$4&$L7+COLUMN()-COLUMN($M7)&".U = "&H7&CHAR(9)&"'"&O$1,"") | P7: =IF(LENB($L7),$B$4&$L7+COLUMN()-COLUMN($M7)&".U = "&I7&CHAR(9)&"'"&P$1,"") | Q7: =IF(LENB(K7),IF(1<K7,CHAR(10),"")&"'"&IF(F7=0,"名称未設定",F7)&CHAR(10)&M7&CHAR(10)&O7&CHAR(10)&P7,"")
D8: 6 | E8: =IFERROR(INDEX(title!$A$2:$A$2049,MATCH($D8,title!$C$2:$C$2049,0),1),"") | F8: =IFERROR(INDEX(title!$B$2:$B$2049,MATCH($D8,title!$C$2:$C$2049,0),1),"") | G8: =IFERROR(INDEX(title!$C$2:$C$2049,MATCH($D8,title!$C$2:$C$2049,0),1),"") | H8: =IFERROR(INDEX(title!$D$2:$D$2049,MATCH($D8,title!$C$2:$C$2049,0),1),"") | I8: =IFERROR(INDEX(title!$E$2:$E$2049,MATCH($D8,title!$C$2:$C$2049,0),1),"") | J8: =IF(AND(LENB(G8),0<G8,LENB(H8),0<H8),"●","") | K8: =IF(LENB(J8),COUNTIF(J$2:J8,"●"),"") | L8: =IF(AND(LENB(K8),LENB($B$2),LENB($B$3)),$B$2+$B$3*(K8),"") | M8: =IF(LENB($L8),$B$4&$L8+COLUMN()-COLUMN($M8)&".U = "&G8&CHAR(9)&"'"&M$1,"") | O8: =IF(LENB($L8),$B$4&$L8+COLUMN()-COLUMN($M8)&".U = "&H8&CHAR(9)&"'"&O$1,"") | P8: =IF(LENB($L8),$B$4&$L8+COLUMN()-COLUMN($M8)&".U = "&I8&CHAR(9)&"'"&P$1,"") | Q8: =IF(LENB(K8),IF(1<K8,CHAR(10),"")&"'"&IF(F8=0,"名称未設定",F8)&CHAR(10)&M8&CHAR(10)&O8&CHAR(10)&P8,"")
D9: 7 | E9: =IFERROR(INDEX(title!$A$2:$A$2049,MATCH($D9,title!$C$2:$C$2049,0),1),"") | F9: =IFERROR(INDEX(title!$B$2:$B$2049,MATCH($D9,title!$C$2:$C$2049,0),1),"") | G9: =IFERROR(INDEX(title!$C$2:$C$2049,MATCH($D9,title!$C$2:$C$2049,0),1),"") | H9: =IFERROR(INDEX(title!$D$2:$D$2049,MATCH($D9,title!$C$2:$C$2049,0),1),"") | I9: =IFERROR(INDEX(title!$E$2:$E$2049,MATCH($D9,title!$C$2:$C$2049,0),1),"") | J9: =IF(AND(LENB(G9),0<G9,LENB(H9),0<H9),"●","") | K9: =IF(LENB(J9),COUNTIF(J$2:J9,"●"),"") | L9: =IF(AND(LENB(K9),LENB($B$2),LENB($B$3)),$B$2+$B$3*(K9),"") | M9: =IF(LENB($L9),$B$4&$L9+COLUMN()-COLUMN($M9)&".U = "&G9&CHAR(9)&"'"&M$1,"") | O9: =IF(LENB($L9),$B$4&$L9+COLUMN()-COLUMN($M9)&".U = "&H9&CHAR(9)&"'"&O$1,"") | P9: =IF(LENB($L9),$B$4&$L9+COLUMN()-COLUMN($M9)&".U = "&I9&CHAR(9)&"'"&P$1,"") | Q9: =IF(LENB(K9),IF(1<K9,CHAR(10),"")&"'"&IF(F9=0,"名称未設定",F9)&CHAR(10)&M9&CHAR(10)&O9&CHAR(10)&P9,"")
D10: 8 | E10: =IFERROR(INDEX(title!$A$2:$A$2049,MATCH($D10,title!$C$2:$C$2049,0),1),"") | F10: =IFERROR(INDEX(title!$B$2:$B$2049,MATCH($D10,title!$C$2:$C$2049,0),1),"") | G10: =IFERROR(INDEX(title!$C$2:$C$2049,MATCH($D10,title!$C$2:$C$2049,0),1),"") | H10: =IFERROR(INDEX(title!$D$2:$D$2049,MATCH($D10,title!$C$2:$C$2049,0),1),"") | I10: =IFERROR(INDEX(title!$E$2:$E$2049,MATCH($D10,title!$C$2:$C$2049,0),1),"") | J10: =IF(AND(LENB(G10),0<G10,LENB(H10),0<H10),"●","") | K10: =IF(LENB(J10),COUNTIF(J$2:J10,"●"),"") | L10: =IF(AND(LENB(K10),LENB($B$2),LENB($B$3)),$B$2+$B$3*(K10),"") | M10: =IF(LENB($L10),$B$4&$L10+COLUMN()-COLUMN($M10)&".U = "&G10&CHAR(9)&"'"&M$1,"") | O10: =IF(LENB($L10),$B$4&$L10+COLUMN()-COLUMN($M10)&".U = "&H10&CHAR(9)&"'"&O$1,"") | P10: =IF(LENB($L10),$B$4&$L10+COLUMN()-COLUMN($M10)&".U = "&I10&CHAR(9)&"'"&P$1,"") | Q10: =IF(LENB(K10),IF(1<K10,CHAR(10),"")&"'"&IF(F10=0,"名称未設定",F10)&CHAR(10)&M10&CHAR(10)&O10&CHAR(10)&P10,"")
A11: ファイル | B11: {=CELL("filename")} -> C:\tk\prj\hg-0025-0016\git\kv-x520\doc\[kv_script_conv_TP1_popup.xlsx]title_scripts(変数) | D11: 9 | E11: =IFERROR(INDEX(title!$A$2:$A$2049,MATCH($D11,title!$C$2:$C$2049,0),1),"") | F11: =IFERROR(INDEX(title!$B$2:$B$2049,MATCH($D11,title!$C$2:$C$2049,0),1),"") | G11: =IFERROR(INDEX(title!$C$2:$C$2049,MATCH($D11,title!$C$2:$C$2049,0),1),"") | H11: =IFERROR(INDEX(title!$D$2:$D$2049,MATCH($D11,title!$C$2:$C$2049,0),1),"") | I11: =IFERROR(INDEX(title!$E$2:$E$2049,MATCH($D11,title!$C$2:$C$2049,0),1),"") | J11: =IF(AND(LENB(G11),0<G11,LENB(H11),0<H11),"●","") | K11: =IF(LENB(J11),COUNTIF(J$2:J11,"●"),"") | L11: =IF(AND(LENB(K11),LENB($B$2),LENB($B$3)),$B$2+$B$3*(K11),"") | M11: =IF(LENB($L11),$B$4&$L11+COLUMN()-COLUMN($M11)&".U = "&G11&CHAR(9)&"'"&M$1,"") | O11: =IF(LENB($L11),$B$4&$L11+COLUMN()-COLUMN($M11)&".U = "&H11&CHAR(9)&"'"&O$1,"") | P11: =IF(LENB($L11),$B$4&$L11+COLUMN()-COLUMN($M11)&".U = "&I11&CHAR(9)&"'"&P$1,"") | Q11: =IF(LENB(K11),IF(1<K11,CHAR(10),"")&"'"&IF(F11=0,"名称未設定",F11)&CHAR(10)&M11&CHAR(10)&O11&CHAR(10)&P11,"")
D12: 10 | E12: =IFERROR(INDEX(title!$A$2:$A$2049,MATCH($D12,title!$C$2:$C$2049,0),1),"") | F12: =IFERROR(INDEX(title!$B$2:$B$2049,MATCH($D12,title!$C$2:$C$2049,0),1),"") | G12: =IFERROR(INDEX(title!$C$2:$C$2049,MATCH($D12,title!$C$2:$C$2049,0),1),"") | H12: =IFERROR(INDEX(title!$D$2:$D$2049,MATCH($D12,title!$C$2:$C$2049,0),1),"") | I12: =IFERROR(INDEX(title!$E$2:$E$2049,MATCH($D12,title!$C$2:$C$2049,0),1),"") | J12: =IF(AND(LENB(G12),0<G12,LENB(H12),0<H12),"●","") | K12: =IF(LENB(J12),COUNTIF(J$2:J12,"●"),"") | L12: =IF(AND(LENB(K12),LENB($B$2),LENB($B$3)),$B$2+$B$3*(K12),"") | M12: =IF(LENB($L12),$B$4&$L12+COLUMN()-COLUMN($M12)&".U = "&G12&CHAR(9)&"'"&M$1,"") | O12: =IF(LENB($L12),$B$4&$L12+COLUMN()-COLUMN($M12)&".U = "&H12&CHAR(9)&"'"&O$1,"") | P12: =IF(LENB($L12),$B$4&$L12+COLUMN()-COLUMN($M12)&".U = "&I12&CHAR(9)&"'"&P$1,"") | Q12: =IF(LENB(K12),IF(1<K12,CHAR(10),"")&"'"&IF(F12=0,"名称未設定",F12)&CHAR(10)&M12&CHAR(10)&O12&CHAR(10)&P12,"")
D13: 11 | E13: =IFERROR(INDEX(title!$A$2:$A$2049,MATCH($D13,title!$C$2:$C$2049,0),1),"") | F13: =IFERROR(INDEX(title!$B$2:$B$2049,MATCH($D13,title!$C$2:$C$2049,0),1),"") | G13: =IFERROR(INDEX(title!$C$2:$C$2049,MATCH($D13,title!$C$2:$C$2049,0),1),"") | H13: =IFERROR(INDEX(title!$D$2:$D$2049,MATCH($D13,title!$C$2:$C$2049,0),1),"") | I13: =IFERROR(INDEX(title!$E$2:$E$2049,MATCH($D13,title!$C$2:$C$2049,0),1),"") | J13: =IF(AND(LENB(G13),0<G13,LENB(H13),0<H13),"●","") | K13: =IF(LENB(J13),COUNTIF(J$2:J13,"●"),"") | L13: =IF(AND(LENB(K13),LENB($B$2),LENB($B$3)),$B$2+$B$3*(K13),"") | M13: =IF(LENB($L13),$B$4&$L13+COLUMN()-COLUMN($M13)&".U = "&G13&CHAR(9)&"'"&M$1,"") | O13: =IF(LENB($L13),$B$4&$L13+COLUMN()-COLUMN($M13)&".U = "&H13&CHAR(9)&"'"&O$1,"") | P13: =IF(LENB($L13),$B$4&$L13+COLUMN()-COLUMN($M13)&".U = "&I13&CHAR(9)&"'"&P$1,"") | Q13: =IF(LENB(K13),IF(1<K13,CHAR(10),"")&"'"&IF(F13=0,"名称未設定",F13)&CHAR(10)&M13&CHAR(10)&O13&CHAR(10)&P13,"")
D14: 12 | E14: =IFERROR(INDEX(title!$A$2:$A$2049,MATCH($D14,title!$C$2:$C$2049,0),1),"") | F14: =IFERROR(INDEX(title!$B$2:$B$2049,MATCH($D14,title!$C$2:$C$2049,0),1),"") | G14: =IFERROR(INDEX(title!$C$2:$C$2049,MATCH($D14,title!$C$2:$C$2049,0),1),"") | H14: =IFERROR(INDEX(title!$D$2:$D$2049,MATCH($D14,title!$C$2:$C$2049,0),1),"") | I14: =IFERROR(INDEX(title!$E$2:$E$2049,MATCH($D14,title!$C$2:$C$2049,0),1),"") | J14: =IF(AND(LENB(G14),0<G14,LENB(H14),0<H14),"●","") | K14: =IF(LENB(J14),COUNTIF(J$2:J14,"●"),"") | L14: =IF(AND(LENB(K14),LENB($B$2),LENB($B$3)),$B$2+$B$3*(K14),"") | M14: =IF(LENB($L14),$B$4&$L14+COLUMN()-COLUMN($M14)&".U = "&G14&CHAR(9)&"'"&M$1,"") | O14: =IF(LENB($L14),$B$4&$L14+COLUMN()-COLUMN($M14)&".U = "&H14&CHAR(9)&"'"&O$1,"") | P14: =IF(LENB($L14),$B$4&$L14+COLUMN()-COLUMN($M14)&".U = "&I14&CHAR(9)&"'"&P$1,"") | Q14: =IF(LENB(K14),IF(1<K14,CHAR(10),"")&"'"&IF(F14=0,"名称未設定",F14)&CHAR(10)&M14&CHAR(10)&O14&CHAR(10)&P14,"")
D15: 13 | E15: =IFERROR(INDEX(title!$A$2:$A$2049,MATCH($D15,title!$C$2:$C$2049,0),1),"") | F15: =IFERROR(INDEX(title!$B$2:$B$2049,MATCH($D15,title!$C$2:$C$2049,0),1),"") | G15: =IFERROR(INDEX(title!$C$2:$C$2049,MATCH($D15,title!$C$2:$C$2049,0),1),"") | H15: =IFERROR(INDEX(title!$D$2:$D$2049,MATCH($D15,title!$C$2:$C$2049,0),1),"") | I15: =IFERROR(INDEX(title!$E$2:$E$2049,MATCH($D15,title!$C$2:$C$2049,0),1),"") | J15: =IF(AND(LENB(G15),0<G15,LENB(H15),0<H15),"●","") | K15: =IF(LENB(J15),COUNTIF(J$2:J15,"●"),"") | L15: =IF(AND(LENB(K15),LENB($B$2),LENB($B$3)),$B$2+$B$3*(K15),"") | M15: =IF(LENB($L15),$B$4&$L15+COLUMN()-COLUMN($M15)&".U = "&G15&CHAR(9)&"'"&M$1,"") | O15: =IF(LENB($L15),$B$4&$L15+COLUMN()-COLUMN($M15)&".U = "&H15&CHAR(9)&"'"&O$1,"") | P15: =IF(LENB($L15),$B$4&$L15+COLUMN()-COLUMN($M15)&".U = "&I15&CHAR(9)&"'"&P$1,"") | Q15: =IF(LENB(K15),IF(1<K15,CHAR(10),"")&"'"&IF(F15=0,"名称未設定",F15)&CHAR(10)&M15&CHAR(10)&O15&CHAR(10)&P15,"")
D16: 14 | E16: =IFERROR(INDEX(title!$A$2:$A$2049,MATCH($D16,title!$C$2:$C$2049,0),1),"") | F16: =IFERROR(INDEX(title!$B$2:$B$2049,MATCH($D16,title!$C$2:$C$2049,0),1),"") | G16: =IFERROR(INDEX(title!$C$2:$C$2049,MATCH($D16,title!$C$2:$C$2049,0),1),"") | H16: =IFERROR(INDEX(title!$D$2:$D$2049,MATCH($D16,title!$C$2:$C$2049,0),1),"") | I16: =IFERROR(INDEX(title!$E$2:$E$2049,MATCH($D16,title!$C$2:$C$2049,0),1),"") | J16: =IF(AND(LENB(G16),0<G16,LENB(H16),0<H16),"●","") | K16: =IF(LENB(J16),COUNTIF(J$2:J16,"●"),"") | L16: =IF(AND(LENB(K16),LENB($B$2),LENB($B$3)),$B$2+$B$3*(K16),"") | M16: =IF(LENB($L16),$B$4&$L16+COLUMN()-COLUMN($M16)&".U = "&G16&CHAR(9)&"'"&M$1,"") | O16: =IF(LENB($L16),$B$4&$L16+COLUMN()-COLUMN($M16)&".U = "&H16&CHAR(9)&"'"&O$1,"") | P16: =IF(LENB($L16),$B$4&$L16+COLUMN()-COLUMN($M16)&".U = "&I16&CHAR(9)&"'"&P$1,"") | Q16: =IF(LENB(K16),IF(1<K16,CHAR(10),"")&"'"&IF(F16=0,"名称未設定",F16)&CHAR(10)&M16&CHAR(10)&O16&CHAR(10)&P16,"")
D17: 15 | E17: =IFERROR(INDEX(title!$A$2:$A$2049,MATCH($D17,title!$C$2:$C$2049,0),1),"") | F17: =IFERROR(INDEX(title!$B$2:$B$2049,MATCH($D17,title!$C$2:$C$2049,0),1),"") | G17: =IFERROR(INDEX(title!$C$2:$C$2049,MATCH($D17,title!$C$2:$C$2049,0),1),"") | H17: =IFERROR(INDEX(title!$D$2:$D$2049,MATCH($D17,title!$C$2:$C$2049,0),1),"") | I17: =IFERROR(INDEX(title!$E$2:$E$2049,MATCH($D17,title!$C$2:$C$2049,0),1),"") | J17: =IF(AND(LENB(G17),0<G17,LENB(H17),0<H17),"●","") | K17: =IF(LENB(J17),COUNTIF(J$2:J17,"●"),"") | L17: =IF(AND(LENB(K17),LENB($B$2),LENB($B$3)),$B$2+$B$3*(K17),"") | M17: =IF(LENB($L17),$B$4&$L17+COLUMN()-COLUMN($M17)&".U = "&G17&CHAR(9)&"'"&M$1,"") | O17: =IF(LENB($L17),$B$4&$L17+COLUMN()-COLUMN($M17)&".U = "&H17&CHAR(9)&"'"&O$1,"") | P17: =IF(LENB($L17),$B$4&$L17+COLUMN()-COLUMN($M17)&".U = "&I17&CHAR(9)&"'"&P$1,"") | Q17: =IF(LENB(K17),IF(1<K17,CHAR(10),"")&"'"&IF(F17=0,"名称未設定",F17)&CHAR(10)&M17&CHAR(10)&O17&CHAR(10)&P17,"")
D18: 16 | E18: =IFERROR(INDEX(title!$A$2:$A$2049,MATCH($D18,title!$C$2:$C$2049,0),1),"") | F18: =IFERROR(INDEX(title!$B$2:$B$2049,MATCH($D18,title!$C$2:$C$2049,0),1),"") | G18: =IFERROR(INDEX(title!$C$2:$C$2049,MATCH($D18,title!$C$2:$C$2049,0),1),"") | H18: =IFERROR(INDEX(title!$D$2:$D$2049,MATCH($D18,title!$C$2:$C$2049,0),1),"") | I18: =IFERROR(INDEX(title!$E$2:$E$2049,MATCH($D18,title!$C$2:$C$2049,0),1),"") | J18: =IF(AND(LENB(G18),0<G18,LENB(H18),0<H18),"●","") | K18: =IF(LENB(J18),COUNTIF(J$2:J18,"●"),"") | L18: =IF(AND(LENB(K18),LENB($B$2),LENB($B$3)),$B$2+$B$3*(K18),"") | M18: =IF(LENB($L18),$B$4&$L18+COLUMN()-COLUMN($M18)&".U = "&G18&CHAR(9)&"'"&M$1,"") | O18: =IF(LENB($L18),$B$4&$L18+COLUMN()-COLUMN($M18)&".U = "&H18&CHAR(9)&"'"&O$1,"") | P18: =IF(LENB($L18),$B$4&$L18+COLUMN()-COLUMN($M18)&".U = "&I18&CHAR(9)&"'"&P$1,"") | Q18: =IF(LENB(K18),IF(1<K18,CHAR(10),"")&"'"&IF(F18=0,"名称未設定",F18)&CHAR(10)&M18&CHAR(10)&O18&CHAR(10)&P18,"")
D19: 17 | E19: =IFERROR(INDEX(title!$A$2:$A$2049,MATCH($D19,title!$C$2:$C$2049,0),1),"") | F19: =IFERROR(INDEX(title!$B$2:$B$2049,MATCH($D19,title!$C$2:$C$2049,0),1),"") | G19: =IFERROR(INDEX(title!$C$2:$C$2049,MATCH($D19,title!$C$2:$C$2049,0),1),"") | H19: =IFERROR(INDEX(title!$D$2:$D$2049,MATCH($D19,title!$C$2:$C$2049,0),1),"") | I19: =IFERROR(INDEX(title!$E$2:$E$2049,MATCH($D19,title!$C$2:$C$2049,0),1),"") | J19: =IF(AND(LENB(G19),0<G19,LENB(H19),0<H19),"●","") | K19: =IF(LENB(J19),COUNTIF(J$2:J19,"●"),"") | L19: =IF(AND(LENB(K19),LENB($B$2),LENB($B$3)),$B$2+$B$3*(K19),"") | M19: =IF(LENB($L19),$B$4&$L19+COLUMN()-COLUMN($M19)&".U = "&G19&CHAR(9)&"'"&M$1,"") | O19: =IF(LENB($L19),$B$4&$L19+COLUMN()-COLUMN($M19)&".U = "&H19&CHAR(9)&"'"&O$1,"") | P19: =IF(LENB($L19),$B$4&$L19+COLUMN()-COLUMN($M19)&".U = "&I19&CHAR(9)&"'"&P$1,"") | Q19: =IF(LENB(K19),IF(1<K19,CHAR(10),"")&"'"&IF(F19=0,"名称未設定",F19)&CHAR(10)&M19&CHAR(10)&O19&CHAR(10)&P19,"")
D20: 18 | E20: =IFERROR(INDEX(title!$A$2:$A$2049,MATCH($D20,title!$C$2:$C$2049,0),1),"") | F20: =IFERROR(INDEX(title!$B$2:$B$2049,MATCH($D20,title!$C$2:$C$2049,0),1),"") | G20: =IFERROR(INDEX(title!$C$2:$C$2049,MATCH($D20,title!$C$2:$C$2049,0),1),"") | H20: =IFERROR(INDEX(title!$D$2:$D$2049,MATCH($D20,title!$C$2:$C$2049,0),1),"") | I20: =IFERROR(INDEX(title!$E$2:$E$2049,MATCH($D20,title!$C$2:$C$2049,0),1),"") | J20: =IF(AND(LENB(G20),0<G20,LENB(H20),0<H20),"●","") | K20: =IF(LENB(J20),COUNTIF(J$2:J20,"●"),"") | L20: =IF(AND(LENB(K20),LENB($B$2),LENB($B$3)),$B$2+$B$3*(K20),"") | M20: =IF(LENB($L20),$B$4&$L20+COLUMN()-COLUMN($M20)&".U = "&G20&CHAR(9)&"'"&M$1,"") | O20: =IF(LENB($L20),$B$4&$L20+COLUMN()-COLUMN($M20)&".U = "&H20&CHAR(9)&"'"&O$1,"") | P20: =IF(LENB($L20),$B$4&$L20+COLUMN()-COLUMN($M20)&".U = "&I20&CHAR(9)&"'"&P$1,"") | Q20: =IF(LENB(K20),IF(1<K20,CHAR(10),"")&"'"&IF(F20=0,"名称未設定",F20)&CHAR(10)&M20&CHAR(10)&O20&CHAR(10)&P20,"")
A21: 生成script | B21: =$Q$2052 -> 'このスクリプトは C:\tk\prj\hg-0025-0016\git\kv-x520\doc\[kv_script_conv_TP1_popup.xlsx]title_scripts(変数) によって生成されました。 '軸1 タイトル DM8264.U = 1000 'ウィンドウNo. DM8266.U = 800 '幅 DM8267.U = 32 '高さ '軸2 タイトル DM8268.U = 1005 'ウィンドウNo. DM8270.U = 800 '幅 DM8271.U = 32 '高さ '軸3 タイトル DM8272.U = 1010 'ウィンドウNo. DM8274.U = 800 '幅 DM8275.U = 32 '高さ '軸4 タイトル DM8276.U = 1015 'ウィンドウNo. DM8278.U = 800 '幅 DM8279.U = 32 '高さ '軸5 タイトル DM8280.U = 1020 'ウィンドウNo. DM8282.U = 800 '幅 DM8283.U = 32 '高さ '軸6 タイトル DM8284.U = 1025 'ウィンドウNo. DM8286.U = 800 '幅 DM8287.U = 32 '高さ '軸7 タイトル DM8288.U = 1030 'ウィンドウNo. DM8290.U = 800 '幅 DM8291.U = 32 '高さ '軸8 タイトル DM8292.U = 1035 'ウィンドウNo. DM8294.U = 800 '幅 DM8295.U = 32 '高さ '軸9 タイトル DM8296.U = 1040 'ウィンドウNo. DM8298.U = 800 '幅 DM8299.U = 32 '高さ '軸10 タイトル DM8300.U = 1045 'ウィンドウNo. DM8302.U = 800 '幅 DM8303.U = 32 '高さ '軸11 タイトル DM8304.U = 1050 'ウィンドウNo. DM8306.U = 800 '幅 DM8307.U = 32 '高さ '軸12 タイトル DM8308.U = 1055 'ウィンドウNo. DM8310.U = 800 '幅 DM8311.U = 32 '高さ '軸13 タイトル DM8312.U = 1060 'ウィンドウNo. DM8314.U = 800 '幅 DM8315.U = 32 '高さ '軸14 タイトル DM8316.U = 1065 'ウィンドウNo. DM8318.U = 800 '幅 DM8319.U = 32 '高さ '軸15 タイトル DM8320.U = 1070 'ウィンドウNo. DM8322.U = 800 '幅 DM8323.U = 32 '高さ '軸16 タイトル DM8324.U = 1075 'ウィンドウNo. DM8326.U = 800 '幅 DM8327.U = 32 '高さ 'シリンダ1 タイトル DM8328.U = 1100 'ウィンドウNo. DM8330.U = 800 '幅 DM8331.U = 32 '高さ 'シリンダ2 タイトル DM8332.U = 1104 'ウィンドウNo. DM8334.U = 800 '幅 DM8335.U = 32 '高さ 'シリンダ3 タイトル DM8336.U = 1108 'ウィンドウNo. DM8338.U = 800 '幅 DM8339.U = 32 '高さ 'シリンダ4 タイトル DM8340.U = 1112 'ウィンドウNo. DM8342.U = 800 '幅 DM8343.U = 32 '高さ 'シリンダ5 タイトル DM8344.U = 1116 'ウィンドウNo. DM8346.U = 800 '幅 DM8347.U = 32 '高さ 'シリンダ6 タイトル DM8348.U = 1120 'ウィンドウNo. DM8350.U = 800 '幅 DM8351.U = 32 '高さ 'シリンダ7 タイトル DM8352.U = 1124 'ウィンドウNo. DM8354.U = 800 '幅 DM8355.U = 32 '高さ 'シリンダ8 タイトル DM8356.U = 1128 'ウィンドウNo. DM8358.U = 800 '幅 DM8359.U = 32 '高さ 'シリンダ9 タイトル DM8360.U = 1132 'ウィンドウNo. DM8362.U = 800 '幅 DM8363.U = 32 '高さ 'シリンダ10 タイトル DM8364.U = 1136 'ウィンドウNo. DM8366.U = 800 '幅 DM8367.U = 32 '高さ 'シリンダ11 タイトル DM8368.U = 1140 'ウィンドウNo. DM8370.U = 800 '幅 DM8371.U = 32 '高さ 'シリンダ12 タイトル DM8372.U = 1144 'ウィンドウNo. DM8374.U = 800 '幅 DM8375.U = 32 '高さ 'シリンダ13 タイトル DM8376.U = 1148 'ウィンドウNo. DM8378.U = 800 '幅 DM8379.U = 32 '高さ 'シリンダ14 タイトル DM8380.U = 1152 'ウィンドウNo. DM8382.U = 800 '幅 DM8383.U = 32 '高さ 'シリンダ15 タイトル DM8384.U = 1156 'ウィンドウNo. DM8386.U = 800 '幅 DM8387.U = 32 '高さ 'シリンダ16 タイトル DM8388.U = 1160 'ウィンドウNo. DM8390.U = 800 '幅 DM8391.U = 32 '高さ 'シリンダ17 タイトル DM8392.U = 1164 'ウィンドウNo. DM8394.U = 800 '幅 DM8395.U = 32 '高さ 'シリンダ18 タイトル DM8396.U = 1168 'ウィンドウNo. DM8398.U = 800 '幅 DM8399.U = 32 '高さ 'シリンダ19 タイトル DM8400.U = 1172 'ウィンドウNo. DM8402.U = 800 '幅 DM8403.U = 32 '高さ 'エレシリ1 タイトル DM8404.U = 1200 'ウィンドウNo. DM8406.U = 800 '幅 DM8407.U = 32 '高さ '合計ウィンドウ数 DM8260 = 36 '-----ここまで生成script----- | D21: 19 | E21: =IFERROR(INDEX(title!$A$2:$A$2049,MATCH($D21,title!$C$2:$C$2049,0),1),"") | F21: =IFERROR(INDEX(title!$B$2:$B$2049,MATCH($D21,title!$C$2:$C$2049,0),1),"") | G21: =IFERROR(INDEX(title!$C$2:$C$2049,MATCH($D21,title!$C$2:$C$2049,0),1),"") | H21: =IFERROR(INDEX(title!$D$2:$D$2049,MATCH($D21,title!$C$2:$C$2049,0),1),"") | I21: =IFERROR(INDEX(title!$E$2:$E$2049,MATCH($D21,title!$C$2:$C$2049,0),1),"") | J21: =IF(AND(LENB(G21),0<G21,LENB(H21),0<H21),"●","") | K21: =IF(LENB(J21),COUNTIF(J$2:J21,"●"),"") | L21: =IF(AND(LENB(K21),LENB($B$2),LENB($B$3)),$B$2+$B$3*(K21),"") | M21: =IF(LENB($L21),$B$4&$L21+COLUMN()-COLUMN($M21)&".U = "&G21&CHAR(9)&"'"&M$1,"") | O21: =IF(LENB($L21),$B$4&$L21+COLUMN()-COLUMN($M21)&".U = "&H21&CHAR(9)&"'"&O$1,"") | P21: =IF(LENB($L21),$B$4&$L21+COLUMN()-COLUMN($M21)&".U = "&I21&CHAR(9)&"'"&P$1,"") | Q21: =IF(LENB(K21),IF(1<K21,CHAR(10),"")&"'"&IF(F21=0,"名称未設定",F21)&CHAR(10)&M21&CHAR(10)&O21&CHAR(10)&P21,"")
D22: 20 | E22: =IFERROR(INDEX(title!$A$2:$A$2049,MATCH($D22,title!$C$2:$C$2049,0),1),"") | F22: =IFERROR(INDEX(title!$B$2:$B$2049,MATCH($D22,title!$C$2:$C$2049,0),1),"") | G22: =IFERROR(INDEX(title!$C$2:$C$2049,MATCH($D22,title!$C$2:$C$2049,0),1),"") | H22: =IFERROR(INDEX(title!$D$2:$D$2049,MATCH($D22,title!$C$2:$C$2049,0),1),"") | I22: =IFERROR(INDEX(title!$E$2:$E$2049,MATCH($D22,title!$C$2:$C$2049,0),1),"") | J22: =IF(AND(LENB(G22),0<G22,LENB(H22),0<H22),"●","") | K22: =IF(LENB(J22),COUNTIF(J$2:J22,"●"),"") | L22: =IF(AND(LENB(K22),LENB($B$2),LENB($B$3)),$B$2+$B$3*(K22),"") | M22: =IF(LENB($L22),$B$4&$L22+COLUMN()-COLUMN($M22)&".U = "&G22&CHAR(9)&"'"&M$1,"") | O22: =IF(LENB($L22),$B$4&$L22+COLUMN()-COLUMN($M22)&".U = "&H22&CHAR(9)&"'"&O$1,"") | P22: =IF(LENB($L22),$B$4&$L22+COLUMN()-COLUMN($M22)&".U = "&I22&CHAR(9)&"'"&P$1,"") | Q22: =IF(LENB(K22),IF(1<K22,CHAR(10),"")&"'"&IF(F22=0,"名称未設定",F22)&CHAR(10)&M22&CHAR(10)&O22&CHAR(10)&P22,"")
D23: 21 | E23: =IFERROR(INDEX(title!$A$2:$A$2049,MATCH($D23,title!$C$2:$C$2049,0),1),"") | F23: =IFERROR(INDEX(title!$B$2:$B$2049,MATCH($D23,title!$C$2:$C$2049,0),1),"") | G23: =IFERROR(INDEX(title!$C$2:$C$2049,MATCH($D23,title!$C$2:$C$2049,0),1),"") | H23: =IFERROR(INDEX(title!$D$2:$D$2049,MATCH($D23,title!$C$2:$C$2049,0),1),"") | I23: =IFERROR(INDEX(title!$E$2:$E$2049,MATCH($D23,title!$C$2:$C$2049,0),1),"") | J23: =IF(AND(LENB(G23),0<G23,LENB(H23),0<H23),"●","") | K23: =IF(LENB(J23),COUNTIF(J$2:J23,"●"),"") | L23: =IF(AND(LENB(K23),LENB($B$2),LENB($B$3)),$B$2+$B$3*(K23),"") | M23: =IF(LENB($L23),$B$4&$L23+COLUMN()-COLUMN($M23)&".U = "&G23&CHAR(9)&"'"&M$1,"") | O23: =IF(LENB($L23),$B$4&$L23+COLUMN()-COLUMN($M23)&".U = "&H23&CHAR(9)&"'"&O$1,"") | P23: =IF(LENB($L23),$B$4&$L23+COLUMN()-COLUMN($M23)&".U = "&I23&CHAR(9)&"'"&P$1,"") | Q23: =IF(LENB(K23),IF(1<K23,CHAR(10),"")&"'"&IF(F23=0,"名称未設定",F23)&CHAR(10)&M23&CHAR(10)&O23&CHAR(10)&P23,"")
D24: 22 | E24: =IFERROR(INDEX(title!$A$2:$A$2049,MATCH($D24,title!$C$2:$C$2049,0),1),"") | F24: =IFERROR(INDEX(title!$B$2:$B$2049,MATCH($D24,title!$C$2:$C$2049,0),1),"") | G24: =IFERROR(INDEX(title!$C$2:$C$2049,MATCH($D24,title!$C$2:$C$2049,0),1),"") | H24: =IFERROR(INDEX(title!$D$2:$D$2049,MATCH($D24,title!$C$2:$C$2049,0),1),"") | I24: =IFERROR(INDEX(title!$E$2:$E$2049,MATCH($D24,title!$C$2:$C$2049,0),1),"") | J24: =IF(AND(LENB(G24),0<G24,LENB(H24),0<H24),"●","") | K24: =IF(LENB(J24),COUNTIF(J$2:J24,"●"),"") | L24: =IF(AND(LENB(K24),LENB($B$2),LENB($B$3)),$B$2+$B$3*(K24),"") | M24: =IF(LENB($L24),$B$4&$L24+COLUMN()-COLUMN($M24)&".U = "&G24&CHAR(9)&"'"&M$1,"") | O24: =IF(LENB($L24),$B$4&$L24+COLUMN()-COLUMN($M24)&".U = "&H24&CHAR(9)&"'"&O$1,"") | P24: =IF(LENB($L24),$B$4&$L24+COLUMN()-COLUMN($M24)&".U = "&I24&CHAR(9)&"'"&P$1,"") | Q24: =IF(LENB(K24),IF(1<K24,CHAR(10),"")&"'"&IF(F24=0,"名称未設定",F24)&CHAR(10)&M24&CHAR(10)&O24&CHAR(10)&P24,"")
D25: 23 | E25: =IFERROR(INDEX(title!$A$2:$A$2049,MATCH($D25,title!$C$2:$C$2049,0),1),"") | F25: =IFERROR(INDEX(title!$B$2:$B$2049,MATCH($D25,title!$C$2:$C$2049,0),1),"") | G25: =IFERROR(INDEX(title!$C$2:$C$2049,MATCH($D25,title!$C$2:$C$2049,0),1),"") | H25: =IFERROR(INDEX(title!$D$2:$D$2049,MATCH($D25,title!$C$2:$C$2049,0),1),"") | I25: =IFERROR(INDEX(title!$E$2:$E$2049,MATCH($D25,title!$C$2:$C$2049,0),1),"") | J25: =IF(AND(LENB(G25),0<G25,LENB(H25),0<H25),"●","") | K25: =IF(LENB(J25),COUNTIF(J$2:J25,"●"),"") | L25: =IF(AND(LENB(K25),LENB($B$2),LENB($B$3)),$B$2+$B$3*(K25),"") | M25: =IF(LENB($L25),$B$4&$L25+COLUMN()-COLUMN($M25)&".U = "&G25&CHAR(9)&"'"&M$1,"") | O25: =IF(LENB($L25),$B$4&$L25+COLUMN()-COLUMN($M25)&".U = "&H25&CHAR(9)&"'"&O$1,"") | P25: =IF(LENB($L25),$B$4&$L25+COLUMN()-COLUMN($M25)&".U = "&I25&CHAR(9)&"'"&P$1,"") | Q25: =IF(LENB(K25),IF(1<K25,CHAR(10),"")&"'"&IF(F25=0,"名称未設定",F25)&CHAR(10)&M25&CHAR(10)&O25&CHAR(10)&P25,"")
D26: 24 | E26: =IFERROR(INDEX(title!$A$2:$A$2049,MATCH($D26,title!$C$2:$C$2049,0),1),"") | F26: =IFERROR(INDEX(title!$B$2:$B$2049,MATCH($D26,title!$C$2:$C$2049,0),1),"") | G26: =IFERROR(INDEX(title!$C$2:$C$2049,MATCH($D26,title!$C$2:$C$2049,0),1),"") | H26: =IFERROR(INDEX(title!$D$2:$D$2049,MATCH($D26,title!$C$2:$C$2049,0),1),"") | I26: =IFERROR(INDEX(title!$E$2:$E$2049,MATCH($D26,title!$C$2:$C$2049,0),1),"") | J26: =IF(AND(LENB(G26),0<G26,LENB(H26),0<H26),"●","") | K26: =IF(LENB(J26),COUNTIF(J$2:J26,"●"),"") | L26: =IF(AND(LENB(K26),LENB($B$2),LENB($B$3)),$B$2+$B$3*(K26),"") | M26: =IF(LENB($L26),$B$4&$L26+COLUMN()-COLUMN($M26)&".U = "&G26&CHAR(9)&"'"&M$1,"") | O26: =IF(LENB($L26),$B$4&$L26+COLUMN()-COLUMN($M26)&".U = "&H26&CHAR(9)&"'"&O$1,"") | P26: =IF(LENB($L26),$B$4&$L26+COLUMN()-COLUMN($M26)&".U = "&I26&CHAR(9)&"'"&P$1,"") | Q26: =IF(LENB(K26),IF(1<K26,CHAR(10),"")&"'"&IF(F26=0,"名称未設定",F26)&CHAR(10)&M26&CHAR(10)&O26&CHAR(10)&P26,"")
D27: 25 | E27: =IFERROR(INDEX(title!$A$2:$A$2049,MATCH($D27,title!$C$2:$C$2049,0),1),"") | F27: =IFERROR(INDEX(title!$B$2:$B$2049,MATCH($D27,title!$C$2:$C$2049,0),1),"") | G27: =IFERROR(INDEX(title!$C$2:$C$2049,MATCH($D27,title!$C$2:$C$2049,0),1),"") | H27: =IFERROR(INDEX(title!$D$2:$D$2049,MATCH($D27,title!$C$2:$C$2049,0),1),"") | I27: =IFERROR(INDEX(title!$E$2:$E$2049,MATCH($D27,title!$C$2:$C$2049,0),1),"") | J27: =IF(AND(LENB(G27),0<G27,LENB(H27),0<H27),"●","") | K27: =IF(LENB(J27),COUNTIF(J$2:J27,"●"),"") | L27: =IF(AND(LENB(K27),LENB($B$2),LENB($B$3)),$B$2+$B$3*(K27),"") | M27: =IF(LENB($L27),$B$4&$L27+COLUMN()-COLUMN($M27)&".U = "&G27&CHAR(9)&"'"&M$1,"") | O27: =IF(LENB($L27),$B$4&$L27+COLUMN()-COLUMN($M27)&".U = "&H27&CHAR(9)&"'"&O$1,"") | P27: =IF(LENB($L27),$B$4&$L27+COLUMN()-COLUMN($M27)&".U = "&I27&CHAR(9)&"'"&P$1,"") | Q27: =IF(LENB(K27),IF(1<K27,CHAR(10),"")&"'"&IF(F27=0,"名称未設定",F27)&CHAR(10)&M27&CHAR(10)&O27&CHAR(10)&P27,"")
D28: 26 | E28: =IFERROR(INDEX(title!$A$2:$A$2049,MATCH($D28,title!$C$2:$C$2049,0),1),"") | F28: =IFERROR(INDEX(title!$B$2:$B$2049,MATCH($D28,title!$C$2:$C$2049,0),1),"") | G28: =IFERROR(INDEX(title!$C$2:$C$2049,MATCH($D28,title!$C$2:$C$2049,0),1),"") | H28: =IFERROR(INDEX(title!$D$2:$D$2049,MATCH($D28,title!$C$2:$C$2049,0),1),"") | I28: =IFERROR(INDEX(title!$E$2:$E$2049,MATCH($D28,title!$C$2:$C$2049,0),1),"") | J28: =IF(AND(LENB(G28),0<G28,LENB(H28),0<H28),"●","") | K28: =IF(LENB(J28),COUNTIF(J$2:J28,"●"),"") | L28: =IF(AND(LENB(K28),LENB($B$2),LENB($B$3)),$B$2+$B$3*(K28),"") | M28: =IF(LENB($L28),$B$4&$L28+COLUMN()-COLUMN($M28)&".U = "&G28&CHAR(9)&"'"&M$1,"") | O28: =IF(LENB($L28),$B$4&$L28+COLUMN()-COLUMN($M28)&".U = "&H28&CHAR(9)&"'"&O$1,"") | P28: =IF(LENB($L28),$B$4&$L28+COLUMN()-COLUMN($M28)&".U = "&I28&CHAR(9)&"'"&P$1,"") | Q28: =IF(LENB(K28),IF(1<K28,CHAR(10),"")&"'"&IF(F28=0,"名称未設定",F28)&CHAR(10)&M28&CHAR(10)&O28&CHAR(10)&P28,"")
D29: 27 | E29: =IFERROR(INDEX(title!$A$2:$A$2049,MATCH($D29,title!$C$2:$C$2049,0),1),"") | F29: =IFERROR(INDEX(title!$B$2:$B$2049,MATCH($D29,title!$C$2:$C$2049,0),1),"") | G29: =IFERROR(INDEX(title!$C$2:$C$2049,MATCH($D29,title!$C$2:$C$2049,0),1),"") | H29: =IFERROR(INDEX(title!$D$2:$D$2049,MATCH($D29,title!$C$2:$C$2049,0),1),"") | I29: =IFERROR(INDEX(title!$E$2:$E$2049,MATCH($D29,title!$C$2:$C$2049,0),1),"") | J29: =IF(AND(LENB(G29),0<G29,LENB(H29),0<H29),"●","") | K29: =IF(LENB(J29),COUNTIF(J$2:J29,"●"),"") | L29: =IF(AND(LENB(K29),LENB($B$2),LENB($B$3)),$B$2+$B$3*(K29),"") | M29: =IF(LENB($L29),$B$4&$L29+COLUMN()-COLUMN($M29)&".U = "&G29&CHAR(9)&"'"&M$1,"") | O29: =IF(LENB($L29),$B$4&$L29+COLUMN()-COLUMN($M29)&".U = "&H29&CHAR(9)&"'"&O$1,"") | P29: =IF(LENB($L29),$B$4&$L29+COLUMN()-COLUMN($M29)&".U = "&I29&CHAR(9)&"'"&P$1,"") | Q29: =IF(LENB(K29),IF(1<K29,CHAR(10),"")&"'"&IF(F29=0,"名称未設定",F29)&CHAR(10)&M29&CHAR(10)&O29&CHAR(10)&P29,"")
D30: 28 | E30: =IFERROR(INDEX(title!$A$2:$A$2049,MATCH($D30,title!$C$2:$C$2049,0),1),"") | F30: =IFERROR(INDEX(title!$B$2:$B$2049,MATCH($D30,title!$C$2:$C$2049,0),1),"") | G30: =IFERROR(INDEX(title!$C$2:$C$2049,MATCH($D30,title!$C$2:$C$2049,0),1),"") | H30: =IFERROR(INDEX(title!$D$2:$D$2049,MATCH($D30,title!$C$2:$C$2049,0),1),"") | I30: =IFERROR(INDEX(title!$E$2:$E$2049,MATCH($D30,title!$C$2:$C$2049,0),1),"") | J30: =IF(AND(LENB(G30),0<G30,LENB(H30),0<H30),"●","") | K30: =IF(LENB(J30),COUNTIF(J$2:J30,"●"),"") | L30: =IF(AND(LENB(K30),LENB($B$2),LENB($B$3)),$B$2+$B$3*(K30),"") | M30: =IF(LENB($L30),$B$4&$L30+COLUMN()-COLUMN($M30)&".U = "&G30&CHAR(9)&"'"&M$1,"") | O30: =IF(LENB($L30),$B$4&$L30+COLUMN()-COLUMN($M30)&".U = "&H30&CHAR(9)&"'"&O$1,"") | P30: =IF(LENB($L30),$B$4&$L30+COLUMN()-COLUMN($M30)&".U = "&I30&CHAR(9)&"'"&P$1,"") | Q30: =IF(LENB(K30),IF(1<K30,CHAR(10),"")&"'"&IF(F30=0,"名称未設定",F30)&CHAR(10)&M30&CHAR(10)&O30&CHAR(10)&P30,"")
D31: 29 | E31: =IFERROR(INDEX(title!$A$2:$A$2049,MATCH($D31,title!$C$2:$C$2049,0),1),"") | F31: =IFERROR(INDEX(title!$B$2:$B$2049,MATCH($D31,title!$C$2:$C$2049,0),1),"") | G31: =IFERROR(INDEX(title!$C$2:$C$2049,MATCH($D31,title!$C$2:$C$2049,0),1),"") | H31: =IFERROR(INDEX(title!$D$2:$D$2049,MATCH($D31,title!$C$2:$C$2049,0),1),"") | I31: =IFERROR(INDEX(title!$E$2:$E$2049,MATCH($D31,title!$C$2:$C$2049,0),1),"") | J31: =IF(AND(LENB(G31),0<G31,LENB(H31),0<H31),"●","") | K31: =IF(LENB(J31),COUNTIF(J$2:J31,"●"),"") | L31: =IF(AND(LENB(K31),LENB($B$2),LENB($B$3)),$B$2+$B$3*(K31),"") | M31: =IF(LENB($L31),$B$4&$L31+COLUMN()-COLUMN($M31)&".U = "&G31&CHAR(9)&"'"&M$1,"") | O31: =IF(LENB($L31),$B$4&$L31+COLUMN()-COLUMN($M31)&".U = "&H31&CHAR(9)&"'"&O$1,"") | P31: =IF(LENB($L31),$B$4&$L31+COLUMN()-COLUMN($M31)&".U = "&I31&CHAR(9)&"'"&P$1,"") | Q31: =IF(LENB(K31),IF(1<K31,CHAR(10),"")&"'"&IF(F31=0,"名称未設定",F31)&CHAR(10)&M31&CHAR(10)&O31&CHAR(10)&P31,"")
D32: 30 | E32: =IFERROR(INDEX(title!$A$2:$A$2049,MATCH($D32,title!$C$2:$C$2049,0),1),"") | F32: =IFERROR(INDEX(title!$B$2:$B$2049,MATCH($D32,title!$C$2:$C$2049,0),1),"") | G32: =IFERROR(INDEX(title!$C$2:$C$2049,MATCH($D32,title!$C$2:$C$2049,0),1),"") | H32: =IFERROR(INDEX(title!$D$2:$D$2049,MATCH($D32,title!$C$2:$C$2049,0),1),"") | I32: =IFERROR(INDEX(title!$E$2:$E$2049,MATCH($D32,title!$C$2:$C$2049,0),1),"") | J32: =IF(AND(LENB(G32),0<G32,LENB(H32),0<H32),"●","") | K32: =IF(LENB(J32),COUNTIF(J$2:J32,"●"),"") | L32: =IF(AND(LENB(K32),LENB($B$2),LENB($B$3)),$B$2+$B$3*(K32),"") | M32: =IF(LENB($L32),$B$4&$L32+COLUMN()-COLUMN($M32)&".U = "&G32&CHAR(9)&"'"&M$1,"") | O32: =IF(LENB($L32),$B$4&$L32+COLUMN()-COLUMN($M32)&".U = "&H32&CHAR(9)&"'"&O$1,"") | P32: =IF(LENB($L32),$B$4&$L32+COLUMN()-COLUMN($M32)&".U = "&I32&CHAR(9)&"'"&P$1,"") | Q32: =IF(LENB(K32),IF(1<K32,CHAR(10),"")&"'"&IF(F32=0,"名称未設定",F32)&CHAR(10)&M32&CHAR(10)&O32&CHAR(10)&P32,"")
D33: 31 | E33: =IFERROR(INDEX(title!$A$2:$A$2049,MATCH($D33,title!$C$2:$C$2049,0),1),"") | F33: =IFERROR(INDEX(title!$B$2:$B$2049,MATCH($D33,title!$C$2:$C$2049,0),1),"") | G33: =IFERROR(INDEX(title!$C$2:$C$2049,MATCH($D33,title!$C$2:$C$2049,0),1),"") | H33: =IFERROR(INDEX(title!$D$2:$D$2049,MATCH($D33,title!$C$2:$C$2049,0),1),"") | I33: =IFERROR(INDEX(title!$E$2:$E$2049,MATCH($D33,title!$C$2:$C$2049,0),1),"") | J33: =IF(AND(LENB(G33),0<G33,LENB(H33),0<H33),"●","") | K33: =IF(LENB(J33),COUNTIF(J$2:J33,"●"),"") | L33: =IF(AND(LENB(K33),LENB($B$2),LENB($B$3)),$B$2+$B$3*(K33),"") | M33: =IF(LENB($L33),$B$4&$L33+COLUMN()-COLUMN($M33)&".U = "&G33&CHAR(9)&"'"&M$1,"") | O33: =IF(LENB($L33),$B$4&$L33+COLUMN()-COLUMN($M33)&".U = "&H33&CHAR(9)&"'"&O$1,"") | P33: =IF(LENB($L33),$B$4&$L33+COLUMN()-COLUMN($M33)&".U = "&I33&CHAR(9)&"'"&P$1,"") | Q33: =IF(LENB(K33),IF(1<K33,CHAR(10),"")&"'"&IF(F33=0,"名称未設定",F33)&CHAR(10)&M33&CHAR(10)&O33&CHAR(10)&P33,"")
... D2049: 2047 | E2049: =IFERROR(INDEX(title!$A$2:$A$2049,MATCH($D2049,title!$C$2:$C$2049,0),1),"") | F2049: =IFERROR(INDEX(title!$B$2:$B$2049,MATCH($D2049,title!$C$2:$C$2049,0),1),"") | G2049: =IFERROR(INDEX(title!$C$2:$C$2049,MATCH($D2049,title!$C$2:$C$2049,0),1),"") | H2049: =IFERROR(INDEX(title!$D$2:$D$2049,MATCH($D2049,title!$C$2:$C$2049,0),1),"") | I2049: =IFERROR(INDEX(title!$E$2:$E$2049,MATCH($D2049,title!$C$2:$C$2049,0),1),"") | J2049: =IF(AND(LENB(G2049),0<G2049,LENB(H2049),0<H2049),"●","") | K2049: =IF(LENB(J2049),COUNTIF(J$2:J2049,"●"),"") | L2049: =IF(AND(LENB(K2049),LENB($B$2),LENB($B$3)),$B$2+$B$3*(K2049),"") | M2049: =IF(LENB($L2049),$B$4&$L2049+COLUMN()-COLUMN($M2049)&".U = "&G2049&CHAR(9)&"'"&M$1,"") | O2049: =IF(LENB($L2049),$B$4&$L2049+COLUMN()-COLUMN($M2049)&".U = "&H2049&CHAR(9)&"'"&O$1,"") | P2049: =IF(LENB($L2049),$B$4&$L2049+COLUMN()-COLUMN($M2049)&".U = "&I2049&CHAR(9)&"'"&P$1,"") | Q2049: =IF(LENB(K2049),IF(1<K2049,CHAR(10),"")&"'"&IF(F2049=0,"名称未設定",F2049)&CHAR(10)&M2049&CHAR(10)&O2049&CHAR(10)&P2049,"")
K2051: 全ウィンドウ数
K2052: =MAX(K$2:K$2049) -> 36 | Q2052: =IF(LENB($B$6),"'"&$B$6,"")&CHAR(10)&_xlfn.CONCAT(Q$2:Q$2049)&CHAR(10)&CHAR(10)&"'合計ウィンドウ数"&CHAR(10)&$B$4&TEXT($B$2,"0000")&" = "&$K$2052&IF(LENB($B$7),CHAR(10)&"'"&$B$7,"") -> 'このスクリプトは C:\tk\prj\hg-0025-0016\git\kv-x520\doc\[kv_script_conv_TP1_popup.xlsx]title_scripts(変数) によって生成されました。 '軸1 タイトル DM8264.U = 1000 'ウィンドウNo. DM8266.U = 800 '幅 DM8267.U = 32 '高さ '軸2 タイトル DM8268.U = 1005 'ウィンドウNo. DM8270.U = 800 '幅 DM8271.U = 32 '高さ '軸3 タイトル DM8272.U = 1010 'ウィンドウNo. DM8274.U = 800 '幅 DM8275.U = 32 '高さ '軸4 タイトル DM8276.U = 1015 'ウィンドウNo. DM8278.U = 800 '幅 DM8279.U = 32 '高さ '軸5 タイトル DM8280.U = 1020 'ウィンドウNo. DM8282.U = 800 '幅 DM8283.U = 32 '高さ '軸6 タイトル DM8284.U = 1025 'ウィンドウNo. DM8286.U = 800 '幅 DM8287.U = 32 '高さ '軸7 タイトル DM8288.U = 1030 'ウィンドウNo. DM8290.U = 800 '幅 DM8291.U = 32 '高さ '軸8 タイトル DM8292.U = 1035 'ウィンドウNo. DM8294.U = 800 '幅 DM8295.U = 32 '高さ '軸9 タイトル DM8296.U = 1040 'ウィンドウNo. DM8298.U = 800 '幅 DM8299.U = 32 '高さ '軸10 タイトル DM8300.U = 1045 'ウィンドウNo. DM8302.U = 800 '幅 DM8303.U = 32 '高さ '軸11 タイトル DM8304.U = 1050 'ウィンドウNo. DM8306.U = 800 '幅 DM8307.U = 32 '高さ '軸12 タイトル DM8308.U = 1055 'ウィンドウNo. DM8310.U = 800 '幅 DM8311.U = 32 '高さ '軸13 タイトル DM8312.U = 1060 'ウィンドウNo. DM8314.U = 800 '幅 DM8315.U = 32 '高さ '軸14 タイトル DM8316.U = 1065 'ウィンドウNo. DM8318.U = 800 '幅 DM8319.U = 32 '高さ '軸15 タイトル DM8320.U = 1070 'ウィンドウNo. DM8322.U = 800 '幅 DM8323.U = 32 '高さ '軸16 タイトル DM8324.U = 1075 'ウィンドウNo. DM8326.U = 800 '幅 DM8327.U = 32 '高さ 'シリンダ1 タイトル DM8328.U = 1100 'ウィンドウNo. DM8330.U = 800 '幅 DM8331.U = 32 '高さ 'シリンダ2 タイトル DM8332.U = 1104 'ウィンドウNo. DM8334.U = 800 '幅 DM8335.U = 32 '高さ 'シリンダ3 タイトル DM8336.U = 1108 'ウィンドウNo. DM8338.U = 800 '幅 DM8339.U = 32 '高さ 'シリンダ4 タイトル DM8340.U = 1112 'ウィンドウNo. DM8342.U = 800 '幅 DM8343.U = 32 '高さ 'シリンダ5 タイトル DM8344.U = 1116 'ウィンドウNo. DM8346.U = 800 '幅 DM8347.U = 32 '高さ 'シリンダ6 タイトル DM8348.U = 1120 'ウィンドウNo. DM8350.U = 800 '幅 DM8351.U = 32 '高さ 'シリンダ7 タイトル DM8352.U = 1124 'ウィンドウNo. DM8354.U = 800 '幅 DM8355.U = 32 '高さ 'シリンダ8 タイトル DM8356.U = 1128 'ウィンドウNo. DM8358.U = 800 '幅 DM8359.U = 32 '高さ 'シリンダ9 タイトル DM8360.U = 1132 'ウィンドウNo. DM8362.U = 800 '幅 DM8363.U = 32 '高さ 'シリンダ10 タイトル DM8364.U = 1136 'ウィンドウNo. DM8366.U = 800 '幅 DM8367.U = 32 '高さ 'シリンダ11 タイトル DM8368.U = 1140 'ウィンドウNo. DM8370.U = 800 '幅 DM8371.U = 32 '高さ 'シリンダ12 タイトル DM8372.U = 1144 'ウィンドウNo. DM8374.U = 800 '幅 DM8375.U = 32 '高さ 'シリンダ13 タイトル DM8376.U = 1148 'ウィンドウNo. DM8378.U = 800 '幅 DM8379.U = 32 '高さ 'シリンダ14 タイトル DM8380.U = 1152 'ウィンドウNo. DM8382.U = 800 '幅 DM8383.U = 32 '高さ 'シリンダ15 タイトル DM8384.U = 1156 'ウィンドウNo. DM8386.U = 800 '幅 DM8387.U = 32 '高さ 'シリンダ16 タイトル DM8388.U = 1160 'ウィンドウNo. DM8390.U = 800 '幅 DM8391.U = 32 '高さ 'シリンダ17 タイトル DM8392.U = 1164 'ウィンドウNo. DM8394.U = 800 '幅 DM8395.U = 32 '高さ 'シリンダ18 タイトル DM8396.U = 1168 'ウィンドウNo. DM8398.U = 800 '幅 DM8399.U = 32 '高さ 'シリンダ19 タイトル DM8400.U = 1172 'ウィンドウNo. DM8402.U = 800 '幅 DM8403.U = 32 '高さ 'エレシリ1 タイトル DM8404.U = 1200 'ウィンドウNo. DM8406.U = 800 '幅 DM8407.U = 32 '高さ '合計ウィンドウ数 DM8260 = 36 '-----ここまで生成script-----

Sheet title_scripts(変数)
T1: 0 | U1: 1 | V1: 2
T2: =IFERROR(INDEX($B$35:$B$44,MATCH(T$1,$A$35:$A$44,0),1),"") -> No | U2: =IFERROR(INDEX($B$35:$B$44,MATCH(U$1,$A$35:$A$44,0),1),"") -> Wide | V2: =IFERROR(INDEX($B$35:$B$44,MATCH(V$1,$A$35:$A$44,0),1),"") -> Height
A3: 緒言 | E3: ウィンドウNo. | F3: id | G3: 名称 | H3: ウィンドウNo. | I3: 幅 | J3: 高さ | N3: ウィンドウあり | O3: ウィンドウ数 | P3: デバイス番号 | Q3: データあり | R3: カウント | S3: 変数 | T3: =IFERROR(INDEX($C$35:$C$44,MATCH(T$1,$A$35:$A$44,0),1),"") -> ｳｨﾝﾄﾞｳNo. | U3: =IFERROR(INDEX($C$35:$C$44,MATCH(U$1,$A$35:$A$44,0),1),"") -> ｳｨﾝﾄﾞｳ幅 | V3: =IFERROR(INDEX($C$35:$C$44,MATCH(V$1,$A$35:$A$44,0),1),"") -> ｳｨﾝﾄﾞｳ高さ | Z3: スクリプト
A4: 開始デバイス | B4: 8260 | E4: 0 | F4: =IFERROR(INDEX(title!$A$2:$A$2049,MATCH($E4,title!$C$2:$C$2049,0),1),"") | G4: =IFERROR(INDEX(title!$B$2:$B$2049,MATCH($E4,title!$C$2:$C$2049,0),1),"") | H4: =IFERROR(INDEX(title!$C$2:$C$2049,MATCH($E4,title!$C$2:$C$2049,0),1),"") | I4: =IFERROR(INDEX(title!$D$2:$D$2049,MATCH($E4,title!$C$2:$C$2049,0),1),"") | J4: =IFERROR(INDEX(title!$E$2:$E$2049,MATCH($E4,title!$C$2:$C$2049,0),1),"") | N4: =IF(AND(LENB(H4),0<H4,LENB(I4),0<I4),"●","") | O4: =IF(LENB(N4),COUNTIF(N$4:N4,"●"),"") | P4: =IF(AND(LENB(O4),LENB($B$4),LENB($B$5)),$B$4+$B$5*(O4),"") | Q4: =IF(LEN(G4),1,"") | R4: =IF(LEN(Q4),SUM($Q$4:Q4)-1,"") | S4: =IF(LENB($P4),IF(COUNTIF($B$34,"*[*"),REPLACE($B$34,FIND("[",$B$34),2,"["&$R4&"]"),$B$34),"") | T4: =IF(LENB($P4),$S4&"."&T$2&CHAR(9)&$B$8&" "&H4&$B$9&CHAR(9)&$B$7&T$3,"") | U4: =IF(LENB($P4),$S4&"."&U$2&CHAR(9)&$B$8&" "&I4&$B$9&CHAR(9)&$B$7&U$3,"") | V4: =IF(LENB($P4),$S4&"."&V$2&CHAR(9)&$B$8&" "&J4&$B$9&CHAR(9)&$B$7&V$3,"") | Z4: {=IF(LENB(O4:O2051),IF(1<O4:O2051,CHAR(10),"")&$B$7&IF(G4:G2051=0,"名称未設定",G4:G2051)&CHAR(10)&T4:T2051&CHAR(10)&U4:U2051&CHAR(10)&V4:V2051,"")}
A5: デバイス間隔 | B5: 4 | E5: 1 | F5: =IFERROR(INDEX(title!$A$2:$A$2049,MATCH($E5,title!$C$2:$C$2049,0),1),"") | G5: =IFERROR(INDEX(title!$B$2:$B$2049,MATCH($E5,title!$C$2:$C$2049,0),1),"") | H5: =IFERROR(INDEX(title!$C$2:$C$2049,MATCH($E5,title!$C$2:$C$2049,0),1),"") | I5: =IFERROR(INDEX(title!$D$2:$D$2049,MATCH($E5,title!$C$2:$C$2049,0),1),"") | J5: =IFERROR(INDEX(title!$E$2:$E$2049,MATCH($E5,title!$C$2:$C$2049,0),1),"") | N5: =IF(AND(LENB(H5),0<H5,LENB(I5),0<I5),"●","") | O5: =IF(LENB(N5),COUNTIF(N$4:N5,"●"),"") | P5: =IF(AND(LENB(O5),LENB($B$4),LENB($B$5)),$B$4+$B$5*(O5),"") | Q5: =IF(LEN(G5),1,"") | R5: =IF(LEN(Q5),SUM($Q$4:Q5)-1,"") | S5: =IF(LENB($P5),IF(COUNTIF($B$34,"*[*"),REPLACE($B$34,FIND("[",$B$34),2,"["&$R5&"]"),$B$34),"") | T5: =IF(LENB($P5),$S5&"."&T$2&CHAR(9)&$B$8&" "&H5&$B$9&CHAR(9)&$B$7&T$3,"") | U5: =IF(LENB($P5),$S5&"."&U$2&CHAR(9)&$B$8&" "&I5&$B$9&CHAR(9)&$B$7&U$3,"") | V5: =IF(LENB($P5),$S5&"."&V$2&CHAR(9)&$B$8&" "&J5&$B$9&CHAR(9)&$B$7&V$3,"")
A6: デバイス種別 | B6: DM | E6: 2 | F6: =IFERROR(INDEX(title!$A$2:$A$2049,MATCH($E6,title!$C$2:$C$2049,0),1),"") | G6: =IFERROR(INDEX(title!$B$2:$B$2049,MATCH($E6,title!$C$2:$C$2049,0),1),"") | H6: =IFERROR(INDEX(title!$C$2:$C$2049,MATCH($E6,title!$C$2:$C$2049,0),1),"") | I6: =IFERROR(INDEX(title!$D$2:$D$2049,MATCH($E6,title!$C$2:$C$2049,0),1),"") | J6: =IFERROR(INDEX(title!$E$2:$E$2049,MATCH($E6,title!$C$2:$C$2049,0),1),"") | N6: =IF(AND(LENB(H6),0<H6,LENB(I6),0<I6),"●","") | O6: =IF(LENB(N6),COUNTIF(N$4:N6,"●"),"") | P6: =IF(AND(LENB(O6),LENB($B$4),LENB($B$5)),$B$4+$B$5*(O6),"") | Q6: =IF(LEN(G6),1,"") | R6: =IF(LEN(Q6),SUM($Q$4:Q6)-1,"") | S6: =IF(LENB($P6),IF(COUNTIF($B$34,"*[*"),REPLACE($B$34,FIND("[",$B$34),2,"["&$R6&"]"),$B$34),"") | T6: =IF(LENB($P6),$S6&"."&T$2&CHAR(9)&$B$8&" "&H6&$B$9&CHAR(9)&$B$7&T$3,"") | U6: =IF(LENB($P6),$S6&"."&U$2&CHAR(9)&$B$8&" "&I6&$B$9&CHAR(9)&$B$7&U$3,"") | V6: =IF(LENB($P6),$S6&"."&V$2&CHAR(9)&$B$8&" "&J6&$B$9&CHAR(9)&$B$7&V$3,"")
A7: コメント表記 | B7: // | E7: 3 | F7: =IFERROR(INDEX(title!$A$2:$A$2049,MATCH($E7,title!$C$2:$C$2049,0),1),"") | G7: =IFERROR(INDEX(title!$B$2:$B$2049,MATCH($E7,title!$C$2:$C$2049,0),1),"") | H7: =IFERROR(INDEX(title!$C$2:$C$2049,MATCH($E7,title!$C$2:$C$2049,0),1),"") | I7: =IFERROR(INDEX(title!$D$2:$D$2049,MATCH($E7,title!$C$2:$C$2049,0),1),"") | J7: =IFERROR(INDEX(title!$E$2:$E$2049,MATCH($E7,title!$C$2:$C$2049,0),1),"") | N7: =IF(AND(LENB(H7),0<H7,LENB(I7),0<I7),"●","") | O7: =IF(LENB(N7),COUNTIF(N$4:N7,"●"),"") | P7: =IF(AND(LENB(O7),LENB($B$4),LENB($B$5)),$B$4+$B$5*(O7),"") | Q7: =IF(LEN(G7),1,"") | R7: =IF(LEN(Q7),SUM($Q$4:Q7)-1,"") | S7: =IF(LENB($P7),IF(COUNTIF($B$34,"*[*"),REPLACE($B$34,FIND("[",$B$34),2,"["&$R7&"]"),$B$34),"") | T7: =IF(LENB($P7),$S7&"."&T$2&CHAR(9)&$B$8&" "&H7&$B$9&CHAR(9)&$B$7&T$3,"") | U7: =IF(LENB($P7),$S7&"."&U$2&CHAR(9)&$B$8&" "&I7&$B$9&CHAR(9)&$B$7&U$3,"") | V7: =IF(LENB($P7),$S7&"."&V$2&CHAR(9)&$B$8&" "&J7&$B$9&CHAR(9)&$B$7&V$3,"")
A8: 代入式 | B8: := | E8: 4 | F8: =IFERROR(INDEX(title!$A$2:$A$2049,MATCH($E8,title!$C$2:$C$2049,0),1),"") | G8: =IFERROR(INDEX(title!$B$2:$B$2049,MATCH($E8,title!$C$2:$C$2049,0),1),"") | H8: =IFERROR(INDEX(title!$C$2:$C$2049,MATCH($E8,title!$C$2:$C$2049,0),1),"") | I8: =IFERROR(INDEX(title!$D$2:$D$2049,MATCH($E8,title!$C$2:$C$2049,0),1),"") | J8: =IFERROR(INDEX(title!$E$2:$E$2049,MATCH($E8,title!$C$2:$C$2049,0),1),"") | N8: =IF(AND(LENB(H8),0<H8,LENB(I8),0<I8),"●","") | O8: =IF(LENB(N8),COUNTIF(N$4:N8,"●"),"") | P8: =IF(AND(LENB(O8),LENB($B$4),LENB($B$5)),$B$4+$B$5*(O8),"") | Q8: =IF(LEN(G8),1,"") | R8: =IF(LEN(Q8),SUM($Q$4:Q8)-1,"") | S8: =IF(LENB($P8),IF(COUNTIF($B$34,"*[*"),REPLACE($B$34,FIND("[",$B$34),2,"["&$R8&"]"),$B$34),"") | T8: =IF(LENB($P8),$S8&"."&T$2&CHAR(9)&$B$8&" "&H8&$B$9&CHAR(9)&$B$7&T$3,"") | U8: =IF(LENB($P8),$S8&"."&U$2&CHAR(9)&$B$8&" "&I8&$B$9&CHAR(9)&$B$7&U$3,"") | V8: =IF(LENB($P8),$S8&"."&V$2&CHAR(9)&$B$8&" "&J8&$B$9&CHAR(9)&$B$7&V$3,"")
A9: 代入末尾 | B9: ; | E9: 5 | F9: =IFERROR(INDEX(title!$A$2:$A$2049,MATCH($E9,title!$C$2:$C$2049,0),1),"") | G9: =IFERROR(INDEX(title!$B$2:$B$2049,MATCH($E9,title!$C$2:$C$2049,0),1),"") | H9: =IFERROR(INDEX(title!$C$2:$C$2049,MATCH($E9,title!$C$2:$C$2049,0),1),"") | I9: =IFERROR(INDEX(title!$D$2:$D$2049,MATCH($E9,title!$C$2:$C$2049,0),1),"") | J9: =IFERROR(INDEX(title!$E$2:$E$2049,MATCH($E9,title!$C$2:$C$2049,0),1),"") | N9: =IF(AND(LENB(H9),0<H9,LENB(I9),0<I9),"●","") | O9: =IF(LENB(N9),COUNTIF(N$4:N9,"●"),"") | P9: =IF(AND(LENB(O9),LENB($B$4),LENB($B$5)),$B$4+$B$5*(O9),"") | Q9: =IF(LEN(G9),1,"") | R9: =IF(LEN(Q9),SUM($Q$4:Q9)-1,"") | S9: =IF(LENB($P9),IF(COUNTIF($B$34,"*[*"),REPLACE($B$34,FIND("[",$B$34),2,"["&$R9&"]"),$B$34),"") | T9: =IF(LENB($P9),$S9&"."&T$2&CHAR(9)&$B$8&" "&H9&$B$9&CHAR(9)&$B$7&T$3,"") | U9: =IF(LENB($P9),$S9&"."&U$2&CHAR(9)&$B$8&" "&I9&$B$9&CHAR(9)&$B$7&U$3,"") | V9: =IF(LENB($P9),$S9&"."&V$2&CHAR(9)&$B$8&" "&J9&$B$9&CHAR(9)&$B$7&V$3,"")
A10: 先頭注記 | B10: ="このスクリプトは "&B15&" によって生成されました。" -> このスクリプトは C:\tk\prj\hg-0025-0016\git\kv-x520\doc\[kv_script_conv_TP1_popup.xlsx]title_scripts(変数) によって生成されました。 | E10: 6 | F10: =IFERROR(INDEX(title!$A$2:$A$2049,MATCH($E10,title!$C$2:$C$2049,0),1),"") | G10: =IFERROR(INDEX(title!$B$2:$B$2049,MATCH($E10,title!$C$2:$C$2049,0),1),"") | H10: =IFERROR(INDEX(title!$C$2:$C$2049,MATCH($E10,title!$C$2:$C$2049,0),1),"") | I10: =IFERROR(INDEX(title!$D$2:$D$2049,MATCH($E10,title!$C$2:$C$2049,0),1),"") | J10: =IFERROR(INDEX(title!$E$2:$E$2049,MATCH($E10,title!$C$2:$C$2049,0),1),"") | N10: =IF(AND(LENB(H10),0<H10,LENB(I10),0<I10),"●","") | O10: =IF(LENB(N10),COUNTIF(N$4:N10,"●"),"") | P10: =IF(AND(LENB(O10),LENB($B$4),LENB($B$5)),$B$4+$B$5*(O10),"") | Q10: =IF(LEN(G10),1,"") | R10: =IF(LEN(Q10),SUM($Q$4:Q10)-1,"") | S10: =IF(LENB($P10),IF(COUNTIF($B$34,"*[*"),REPLACE($B$34,FIND("[",$B$34),2,"["&$R10&"]"),$B$34),"") | T10: =IF(LENB($P10),$S10&"."&T$2&CHAR(9)&$B$8&" "&H10&$B$9&CHAR(9)&$B$7&T$3,"") | U10: =IF(LENB($P10),$S10&"."&U$2&CHAR(9)&$B$8&" "&I10&$B$9&CHAR(9)&$B$7&U$3,"") | V10: =IF(LENB($P10),$S10&"."&V$2&CHAR(9)&$B$8&" "&J10&$B$9&CHAR(9)&$B$7&V$3,"")
A11: 末尾注記 | B11: -----ここまで生成script----- | E11: 7 | F11: =IFERROR(INDEX(title!$A$2:$A$2049,MATCH($E11,title!$C$2:$C$2049,0),1),"") | G11: =IFERROR(INDEX(title!$B$2:$B$2049,MATCH($E11,title!$C$2:$C$2049,0),1),"") | H11: =IFERROR(INDEX(title!$C$2:$C$2049,MATCH($E11,title!$C$2:$C$2049,0),1),"") | I11: =IFERROR(INDEX(title!$D$2:$D$2049,MATCH($E11,title!$C$2:$C$2049,0),1),"") | J11: =IFERROR(INDEX(title!$E$2:$E$2049,MATCH($E11,title!$C$2:$C$2049,0),1),"") | N11: =IF(AND(LENB(H11),0<H11,LENB(I11),0<I11),"●","") | O11: =IF(LENB(N11),COUNTIF(N$4:N11,"●"),"") | P11: =IF(AND(LENB(O11),LENB($B$4),LENB($B$5)),$B$4+$B$5*(O11),"") | Q11: =IF(LEN(G11),1,"") | R11: =IF(LEN(Q11),SUM($Q$4:Q11)-1,"") | S11: =IF(LENB($P11),IF(COUNTIF($B$34,"*[*"),REPLACE($B$34,FIND("[",$B$34),2,"["&$R11&"]"),$B$34),"") | T11: =IF(LENB($P11),$S11&"."&T$2&CHAR(9)&$B$8&" "&H11&$B$9&CHAR(9)&$B$7&T$3,"") | U11: =IF(LENB($P11),$S11&"."&U$2&CHAR(9)&$B$8&" "&I11&$B$9&CHAR(9)&$B$7&U$3,"") | V11: =IF(LENB($P11),$S11&"."&V$2&CHAR(9)&$B$8&" "&J11&$B$9&CHAR(9)&$B$7&V$3,"")
E12: 8 | F12: =IFERROR(INDEX(title!$A$2:$A$2049,MATCH($E12,title!$C$2:$C$2049,0),1),"") | G12: =IFERROR(INDEX(title!$B$2:$B$2049,MATCH($E12,title!$C$2:$C$2049,0),1),"") | H12: =IFERROR(INDEX(title!$C$2:$C$2049,MATCH($E12,title!$C$2:$C$2049,0),1),"") | I12: =IFERROR(INDEX(title!$D$2:$D$2049,MATCH($E12,title!$C$2:$C$2049,0),1),"") | J12: =IFERROR(INDEX(title!$E$2:$E$2049,MATCH($E12,title!$C$2:$C$2049,0),1),"") | N12: =IF(AND(LENB(H12),0<H12,LENB(I12),0<I12),"●","") | O12: =IF(LENB(N12),COUNTIF(N$4:N12,"●"),"") | P12: =IF(AND(LENB(O12),LENB($B$4),LENB($B$5)),$B$4+$B$5*(O12),"") | Q12: =IF(LEN(G12),1,"") | R12: =IF(LEN(Q12),SUM($Q$4:Q12)-1,"") | S12: =IF(LENB($P12),IF(COUNTIF($B$34,"*[*"),REPLACE($B$34,FIND("[",$B$34),2,"["&$R12&"]"),$B$34),"") | T12: =IF(LENB($P12),$S12&"."&T$2&CHAR(9)&$B$8&" "&H12&$B$9&CHAR(9)&$B$7&T$3,"") | U12: =IF(LENB($P12),$S12&"."&U$2&CHAR(9)&$B$8&" "&I12&$B$9&CHAR(9)&$B$7&U$3,"") | V12: =IF(LENB($P12),$S12&"."&V$2&CHAR(9)&$B$8&" "&J12&$B$9&CHAR(9)&$B$7&V$3,"")
E13: 9 | F13: =IFERROR(INDEX(title!$A$2:$A$2049,MATCH($E13,title!$C$2:$C$2049,0),1),"") | G13: =IFERROR(INDEX(title!$B$2:$B$2049,MATCH($E13,title!$C$2:$C$2049,0),1),"") | H13: =IFERROR(INDEX(title!$C$2:$C$2049,MATCH($E13,title!$C$2:$C$2049,0),1),"") | I13: =IFERROR(INDEX(title!$D$2:$D$2049,MATCH($E13,title!$C$2:$C$2049,0),1),"") | J13: =IFERROR(INDEX(title!$E$2:$E$2049,MATCH($E13,title!$C$2:$C$2049,0),1),"") | N13: =IF(AND(LENB(H13),0<H13,LENB(I13),0<I13),"●","") | O13: =IF(LENB(N13),COUNTIF(N$4:N13,"●"),"") | P13: =IF(AND(LENB(O13),LENB($B$4),LENB($B$5)),$B$4+$B$5*(O13),"") | Q13: =IF(LEN(G13),1,"") | R13: =IF(LEN(Q13),SUM($Q$4:Q13)-1,"") | S13: =IF(LENB($P13),IF(COUNTIF($B$34,"*[*"),REPLACE($B$34,FIND("[",$B$34),2,"["&$R13&"]"),$B$34),"") | T13: =IF(LENB($P13),$S13&"."&T$2&CHAR(9)&$B$8&" "&H13&$B$9&CHAR(9)&$B$7&T$3,"") | U13: =IF(LENB($P13),$S13&"."&U$2&CHAR(9)&$B$8&" "&I13&$B$9&CHAR(9)&$B$7&U$3,"") | V13: =IF(LENB($P13),$S13&"."&V$2&CHAR(9)&$B$8&" "&J13&$B$9&CHAR(9)&$B$7&V$3,"")
E14: 10 | F14: =IFERROR(INDEX(title!$A$2:$A$2049,MATCH($E14,title!$C$2:$C$2049,0),1),"") | G14: =IFERROR(INDEX(title!$B$2:$B$2049,MATCH($E14,title!$C$2:$C$2049,0),1),"") | H14: =IFERROR(INDEX(title!$C$2:$C$2049,MATCH($E14,title!$C$2:$C$2049,0),1),"") | I14: =IFERROR(INDEX(title!$D$2:$D$2049,MATCH($E14,title!$C$2:$C$2049,0),1),"") | J14: =IFERROR(INDEX(title!$E$2:$E$2049,MATCH($E14,title!$C$2:$C$2049,0),1),"") | N14: =IF(AND(LENB(H14),0<H14,LENB(I14),0<I14),"●","") | O14: =IF(LENB(N14),COUNTIF(N$4:N14,"●"),"") | P14: =IF(AND(LENB(O14),LENB($B$4),LENB($B$5)),$B$4+$B$5*(O14),"") | Q14: =IF(LEN(G14),1,"") | R14: =IF(LEN(Q14),SUM($Q$4:Q14)-1,"") | S14: =IF(LENB($P14),IF(COUNTIF($B$34,"*[*"),REPLACE($B$34,FIND("[",$B$34),2,"["&$R14&"]"),$B$34),"") | T14: =IF(LENB($P14),$S14&"."&T$2&CHAR(9)&$B$8&" "&H14&$B$9&CHAR(9)&$B$7&T$3,"") | U14: =IF(LENB($P14),$S14&"."&U$2&CHAR(9)&$B$8&" "&I14&$B$9&CHAR(9)&$B$7&U$3,"") | V14: =IF(LENB($P14),$S14&"."&V$2&CHAR(9)&$B$8&" "&J14&$B$9&CHAR(9)&$B$7&V$3,"")
A15: ファイル | B15: {=CELL("filename")} -> C:\tk\prj\hg-0025-0016\git\kv-x520\doc\[kv_script_conv_TP1_popup.xlsx]title_scripts(変数) | E15: 11 | F15: =IFERROR(INDEX(title!$A$2:$A$2049,MATCH($E15,title!$C$2:$C$2049,0),1),"") | G15: =IFERROR(INDEX(title!$B$2:$B$2049,MATCH($E15,title!$C$2:$C$2049,0),1),"") | H15: =IFERROR(INDEX(title!$C$2:$C$2049,MATCH($E15,title!$C$2:$C$2049,0),1),"") | I15: =IFERROR(INDEX(title!$D$2:$D$2049,MATCH($E15,title!$C$2:$C$2049,0),1),"") | J15: =IFERROR(INDEX(title!$E$2:$E$2049,MATCH($E15,title!$C$2:$C$2049,0),1),"") | N15: =IF(AND(LENB(H15),0<H15,LENB(I15),0<I15),"●","") | O15: =IF(LENB(N15),COUNTIF(N$4:N15,"●"),"") | P15: =IF(AND(LENB(O15),LENB($B$4),LENB($B$5)),$B$4+$B$5*(O15),"") | Q15: =IF(LEN(G15),1,"") | R15: =IF(LEN(Q15),SUM($Q$4:Q15)-1,"") | S15: =IF(LENB($P15),IF(COUNTIF($B$34,"*[*"),REPLACE($B$34,FIND("[",$B$34),2,"["&$R15&"]"),$B$34),"") | T15: =IF(LENB($P15),$S15&"."&T$2&CHAR(9)&$B$8&" "&H15&$B$9&CHAR(9)&$B$7&T$3,"") | U15: =IF(LENB($P15),$S15&"."&U$2&CHAR(9)&$B$8&" "&I15&$B$9&CHAR(9)&$B$7&U$3,"") | V15: =IF(LENB($P15),$S15&"."&V$2&CHAR(9)&$B$8&" "&J15&$B$9&CHAR(9)&$B$7&V$3,"")
E16: 12 | F16: =IFERROR(INDEX(title!$A$2:$A$2049,MATCH($E16,title!$C$2:$C$2049,0),1),"") | G16: =IFERROR(INDEX(title!$B$2:$B$2049,MATCH($E16,title!$C$2:$C$2049,0),1),"") | H16: =IFERROR(INDEX(title!$C$2:$C$2049,MATCH($E16,title!$C$2:$C$2049,0),1),"") | I16: =IFERROR(INDEX(title!$D$2:$D$2049,MATCH($E16,title!$C$2:$C$2049,0),1),"") | J16: =IFERROR(INDEX(title!$E$2:$E$2049,MATCH($E16,title!$C$2:$C$2049,0),1),"") | N16: =IF(AND(LENB(H16),0<H16,LENB(I16),0<I16),"●","") | O16: =IF(LENB(N16),COUNTIF(N$4:N16,"●"),"") | P16: =IF(AND(LENB(O16),LENB($B$4),LENB($B$5)),$B$4+$B$5*(O16),"") | Q16: =IF(LEN(G16),1,"") | R16: =IF(LEN(Q16),SUM($Q$4:Q16)-1,"") | S16: =IF(LENB($P16),IF(COUNTIF($B$34,"*[*"),REPLACE($B$34,FIND("[",$B$34),2,"["&$R16&"]"),$B$34),"") | T16: =IF(LENB($P16),$S16&"."&T$2&CHAR(9)&$B$8&" "&H16&$B$9&CHAR(9)&$B$7&T$3,"") | U16: =IF(LENB($P16),$S16&"."&U$2&CHAR(9)&$B$8&" "&I16&$B$9&CHAR(9)&$B$7&U$3,"") | V16: =IF(LENB($P16),$S16&"."&V$2&CHAR(9)&$B$8&" "&J16&$B$9&CHAR(9)&$B$7&V$3,"")
E17: 13 | F17: =IFERROR(INDEX(title!$A$2:$A$2049,MATCH($E17,title!$C$2:$C$2049,0),1),"") | G17: =IFERROR(INDEX(title!$B$2:$B$2049,MATCH($E17,title!$C$2:$C$2049,0),1),"") | H17: =IFERROR(INDEX(title!$C$2:$C$2049,MATCH($E17,title!$C$2:$C$2049,0),1),"") | I17: =IFERROR(INDEX(title!$D$2:$D$2049,MATCH($E17,title!$C$2:$C$2049,0),1),"") | J17: =IFERROR(INDEX(title!$E$2:$E$2049,MATCH($E17,title!$C$2:$C$2049,0),1),"") | N17: =IF(AND(LENB(H17),0<H17,LENB(I17),0<I17),"●","") | O17: =IF(LENB(N17),COUNTIF(N$4:N17,"●"),"") | P17: =IF(AND(LENB(O17),LENB($B$4),LENB($B$5)),$B$4+$B$5*(O17),"") | Q17: =IF(LEN(G17),1,"") | R17: =IF(LEN(Q17),SUM($Q$4:Q17)-1,"") | S17: =IF(LENB($P17),IF(COUNTIF($B$34,"*[*"),REPLACE($B$34,FIND("[",$B$34),2,"["&$R17&"]"),$B$34),"") | T17: =IF(LENB($P17),$S17&"."&T$2&CHAR(9)&$B$8&" "&H17&$B$9&CHAR(9)&$B$7&T$3,"") | U17: =IF(LENB($P17),$S17&"."&U$2&CHAR(9)&$B$8&" "&I17&$B$9&CHAR(9)&$B$7&U$3,"") | V17: =IF(LENB($P17),$S17&"."&V$2&CHAR(9)&$B$8&" "&J17&$B$9&CHAR(9)&$B$7&V$3,"")
E18: 14 | F18: =IFERROR(INDEX(title!$A$2:$A$2049,MATCH($E18,title!$C$2:$C$2049,0),1),"") | G18: =IFERROR(INDEX(title!$B$2:$B$2049,MATCH($E18,title!$C$2:$C$2049,0),1),"") | H18: =IFERROR(INDEX(title!$C$2:$C$2049,MATCH($E18,title!$C$2:$C$2049,0),1),"") | I18: =IFERROR(INDEX(title!$D$2:$D$2049,MATCH($E18,title!$C$2:$C$2049,0),1),"") | J18: =IFERROR(INDEX(title!$E$2:$E$2049,MATCH($E18,title!$C$2:$C$2049,0),1),"") | N18: =IF(AND(LENB(H18),0<H18,LENB(I18),0<I18),"●","") | O18: =IF(LENB(N18),COUNTIF(N$4:N18,"●"),"") | P18: =IF(AND(LENB(O18),LENB($B$4),LENB($B$5)),$B$4+$B$5*(O18),"") | Q18: =IF(LEN(G18),1,"") | R18: =IF(LEN(Q18),SUM($Q$4:Q18)-1,"") | S18: =IF(LENB($P18),IF(COUNTIF($B$34,"*[*"),REPLACE($B$34,FIND("[",$B$34),2,"["&$R18&"]"),$B$34),"") | T18: =IF(LENB($P18),$S18&"."&T$2&CHAR(9)&$B$8&" "&H18&$B$9&CHAR(9)&$B$7&T$3,"") | U18: =IF(LENB($P18),$S18&"."&U$2&CHAR(9)&$B$8&" "&I18&$B$9&CHAR(9)&$B$7&U$3,"") | V18: =IF(LENB($P18),$S18&"."&V$2&CHAR(9)&$B$8&" "&J18&$B$9&CHAR(9)&$B$7&V$3,"")
E19: 15 | F19: =IFERROR(INDEX(title!$A$2:$A$2049,MATCH($E19,title!$C$2:$C$2049,0),1),"") | G19: =IFERROR(INDEX(title!$B$2:$B$2049,MATCH($E19,title!$C$2:$C$2049,0),1),"") | H19: =IFERROR(INDEX(title!$C$2:$C$2049,MATCH($E19,title!$C$2:$C$2049,0),1),"") | I19: =IFERROR(INDEX(title!$D$2:$D$2049,MATCH($E19,title!$C$2:$C$2049,0),1),"") | J19: =IFERROR(INDEX(title!$E$2:$E$2049,MATCH($E19,title!$C$2:$C$2049,0),1),"") | N19: =IF(AND(LENB(H19),0<H19,LENB(I19),0<I19),"●","") | O19: =IF(LENB(N19),COUNTIF(N$4:N19,"●"),"") | P19: =IF(AND(LENB(O19),LENB($B$4),LENB($B$5)),$B$4+$B$5*(O19),"") | Q19: =IF(LEN(G19),1,"") | R19: =IF(LEN(Q19),SUM($Q$4:Q19)-1,"") | S19: =IF(LENB($P19),IF(COUNTIF($B$34,"*[*"),REPLACE($B$34,FIND("[",$B$34),2,"["&$R19&"]"),$B$34),"") | T19: =IF(LENB($P19),$S19&"."&T$2&CHAR(9)&$B$8&" "&H19&$B$9&CHAR(9)&$B$7&T$3,"") | U19: =IF(LENB($P19),$S19&"."&U$2&CHAR(9)&$B$8&" "&I19&$B$9&CHAR(9)&$B$7&U$3,"") | V19: =IF(LENB($P19),$S19&"."&V$2&CHAR(9)&$B$8&" "&J19&$B$9&CHAR(9)&$B$7&V$3,"")
E20: 16 | F20: =IFERROR(INDEX(title!$A$2:$A$2049,MATCH($E20,title!$C$2:$C$2049,0),1),"") | G20: =IFERROR(INDEX(title!$B$2:$B$2049,MATCH($E20,title!$C$2:$C$2049,0),1),"") | H20: =IFERROR(INDEX(title!$C$2:$C$2049,MATCH($E20,title!$C$2:$C$2049,0),1),"") | I20: =IFERROR(INDEX(title!$D$2:$D$2049,MATCH($E20,title!$C$2:$C$2049,0),1),"") | J20: =IFERROR(INDEX(title!$E$2:$E$2049,MATCH($E20,title!$C$2:$C$2049,0),1),"") | N20: =IF(AND(LENB(H20),0<H20,LENB(I20),0<I20),"●","") | O20: =IF(LENB(N20),COUNTIF(N$4:N20,"●"),"") | P20: =IF(AND(LENB(O20),LENB($B$4),LENB($B$5)),$B$4+$B$5*(O20),"") | Q20: =IF(LEN(G20),1,"") | R20: =IF(LEN(Q20),SUM($Q$4:Q20)-1,"") | S20: =IF(LENB($P20),IF(COUNTIF($B$34,"*[*"),REPLACE($B$34,FIND("[",$B$34),2,"["&$R20&"]"),$B$34),"") | T20: =IF(LENB($P20),$S20&"."&T$2&CHAR(9)&$B$8&" "&H20&$B$9&CHAR(9)&$B$7&T$3,"") | U20: =IF(LENB($P20),$S20&"."&U$2&CHAR(9)&$B$8&" "&I20&$B$9&CHAR(9)&$B$7&U$3,"") | V20: =IF(LENB($P20),$S20&"."&V$2&CHAR(9)&$B$8&" "&J20&$B$9&CHAR(9)&$B$7&V$3,"")
E21: 17 | F21: =IFERROR(INDEX(title!$A$2:$A$2049,MATCH($E21,title!$C$2:$C$2049,0),1),"") | G21: =IFERROR(INDEX(title!$B$2:$B$2049,MATCH($E21,title!$C$2:$C$2049,0),1),"") | H21: =IFERROR(INDEX(title!$C$2:$C$2049,MATCH($E21,title!$C$2:$C$2049,0),1),"") | I21: =IFERROR(INDEX(title!$D$2:$D$2049,MATCH($E21,title!$C$2:$C$2049,0),1),"") | J21: =IFERROR(INDEX(title!$E$2:$E$2049,MATCH($E21,title!$C$2:$C$2049,0),1),"") | N21: =IF(AND(LENB(H21),0<H21,LENB(I21),0<I21),"●","") | O21: =IF(LENB(N21),COUNTIF(N$4:N21,"●"),"") | P21: =IF(AND(LENB(O21),LENB($B$4),LENB($B$5)),$B$4+$B$5*(O21),"") | Q21: =IF(LEN(G21),1,"") | R21: =IF(LEN(Q21),SUM($Q$4:Q21)-1,"") | S21: =IF(LENB($P21),IF(COUNTIF($B$34,"*[*"),REPLACE($B$34,FIND("[",$B$34),2,"["&$R21&"]"),$B$34),"") | T21: =IF(LENB($P21),$S21&"."&T$2&CHAR(9)&$B$8&" "&H21&$B$9&CHAR(9)&$B$7&T$3,"") | U21: =IF(LENB($P21),$S21&"."&U$2&CHAR(9)&$B$8&" "&I21&$B$9&CHAR(9)&$B$7&U$3,"") | V21: =IF(LENB($P21),$S21&"."&V$2&CHAR(9)&$B$8&" "&J21&$B$9&CHAR(9)&$B$7&V$3,"")
E22: 18 | F22: =IFERROR(INDEX(title!$A$2:$A$2049,MATCH($E22,title!$C$2:$C$2049,0),1),"") | G22: =IFERROR(INDEX(title!$B$2:$B$2049,MATCH($E22,title!$C$2:$C$2049,0),1),"") | H22: =IFERROR(INDEX(title!$C$2:$C$2049,MATCH($E22,title!$C$2:$C$2049,0),1),"") | I22: =IFERROR(INDEX(title!$D$2:$D$2049,MATCH($E22,title!$C$2:$C$2049,0),1),"") | J22: =IFERROR(INDEX(title!$E$2:$E$2049,MATCH($E22,title!$C$2:$C$2049,0),1),"") | N22: =IF(AND(LENB(H22),0<H22,LENB(I22),0<I22),"●","") | O22: =IF(LENB(N22),COUNTIF(N$4:N22,"●"),"") | P22: =IF(AND(LENB(O22),LENB($B$4),LENB($B$5)),$B$4+$B$5*(O22),"") | Q22: =IF(LEN(G22),1,"") | R22: =IF(LEN(Q22),SUM($Q$4:Q22)-1,"") | S22: =IF(LENB($P22),IF(COUNTIF($B$34,"*[*"),REPLACE($B$34,FIND("[",$B$34),2,"["&$R22&"]"),$B$34),"") | T22: =IF(LENB($P22),$S22&"."&T$2&CHAR(9)&$B$8&" "&H22&$B$9&CHAR(9)&$B$7&T$3,"") | U22: =IF(LENB($P22),$S22&"."&U$2&CHAR(9)&$B$8&" "&I22&$B$9&CHAR(9)&$B$7&U$3,"") | V22: =IF(LENB($P22),$S22&"."&V$2&CHAR(9)&$B$8&" "&J22&$B$9&CHAR(9)&$B$7&V$3,"")
A23: 生成script | B23: =$Z$2054 -> //このスクリプトは C:\tk\prj\hg-0025-0016\git\kv-x520\doc\[kv_script_conv_TP1_popup.xlsx]title_scripts(変数) によって生成されました。 //軸1 タイトル astPuTW[0].No := 1000; //ｳｨﾝﾄﾞｳNo. astPuTW[0].Wide := 800; //ｳｨﾝﾄﾞｳ幅 astPuTW[0].Height := 32; //ｳｨﾝﾄﾞｳ高さ //軸2 タイトル astPuTW[1].No := 1005; //ｳｨﾝﾄﾞｳNo. astPuTW[1].Wide := 800; //ｳｨﾝﾄﾞｳ幅 astPuTW[1].Height := 32; //ｳｨﾝﾄﾞｳ高さ //軸3 タイトル astPuTW[2].No := 1010; //ｳｨﾝﾄﾞｳNo. astPuTW[2].Wide := 800; //ｳｨﾝﾄﾞｳ幅 astPuTW[2].Height := 32; //ｳｨﾝﾄﾞｳ高さ //軸4 タイトル astPuTW[3].No := 1015; //ｳｨﾝﾄﾞｳNo. astPuTW[3].Wide := 800; //ｳｨﾝﾄﾞｳ幅 astPuTW[3].Height := 32; //ｳｨﾝﾄﾞｳ高さ //軸5 タイトル astPuTW[4].No := 1020; //ｳｨﾝﾄﾞｳNo. astPuTW[4].Wide := 800; //ｳｨﾝﾄﾞｳ幅 astPuTW[4].Height := 32; //ｳｨﾝﾄﾞｳ高さ //軸6 タイトル astPuTW[5].No := 1025; //ｳｨﾝﾄﾞｳNo. astPuTW[5].Wide := 800; //ｳｨﾝﾄﾞｳ幅 astPuTW[5].Height := 32; //ｳｨﾝﾄﾞｳ高さ //軸7 タイトル astPuTW[6].No := 1030; //ｳｨﾝﾄﾞｳNo. astPuTW[6].Wide := 800; //ｳｨﾝﾄﾞｳ幅 astPuTW[6].Height := 32; //ｳｨﾝﾄﾞｳ高さ //軸8 タイトル astPuTW[7].No := 1035; //ｳｨﾝﾄﾞｳNo. astPuTW[7].Wide := 800; //ｳｨﾝﾄﾞｳ幅 astPuTW[7].Height := 32; //ｳｨﾝﾄﾞｳ高さ //軸9 タイトル astPuTW[8].No := 1040; //ｳｨﾝﾄﾞｳNo. astPuTW[8].Wide := 800; //ｳｨﾝﾄﾞｳ幅 astPuTW[8].Height := 32; //ｳｨﾝﾄﾞｳ高さ //軸10 タイトル astPuTW[9].No := 1045; //ｳｨﾝﾄﾞｳNo. astPuTW[9].Wide := 800; //ｳｨﾝﾄﾞｳ幅 astPuTW[9].Height := 32; //ｳｨﾝﾄﾞｳ高さ //軸11 タイトル astPuTW[10].No := 1050; //ｳｨﾝﾄﾞｳNo. astPuTW[10].Wide := 800; //ｳｨﾝﾄﾞｳ幅 astPuTW[10].Height := 32; //ｳｨﾝﾄﾞｳ高さ //軸12 タイトル astPuTW[11].No := 1055; //ｳｨﾝﾄﾞｳNo. astPuTW[11].Wide := 800; //ｳｨﾝﾄﾞｳ幅 astPuTW[11].Height := 32; //ｳｨﾝﾄﾞｳ高さ //軸13 タイトル astPuTW[12].No := 1060; //ｳｨﾝﾄﾞｳNo. astPuTW[12].Wide := 800; //ｳｨﾝﾄﾞｳ幅 astPuTW[12].Height := 32; //ｳｨﾝﾄﾞｳ高さ //軸14 タイトル astPuTW[13].No := 1065; //ｳｨﾝﾄﾞｳNo. astPuTW[13].Wide := 800; //ｳｨﾝﾄﾞｳ幅 astPuTW[13].Height := 32; //ｳｨﾝﾄﾞｳ高さ //軸15 タイトル astPuTW[14].No := 1070; //ｳｨﾝﾄﾞｳNo. astPuTW[14].Wide := 800; //ｳｨﾝﾄﾞｳ幅 astPuTW[14].Height := 32; //ｳｨﾝﾄﾞｳ高さ //軸16 タイトル astPuTW[15].No := 1075; //ｳｨﾝﾄﾞｳNo. astPuTW[15].Wide := 800; //ｳｨﾝﾄﾞｳ幅 astPuTW[15].Height := 32; //ｳｨﾝﾄﾞｳ高さ //シリンダ1 タイトル astPuTW[16].No := 1100; //ｳｨﾝﾄﾞｳNo. astPuTW[16].Wide := 800; //ｳｨﾝﾄﾞｳ幅 astPuTW[16].Height := 32; //ｳｨﾝﾄﾞｳ高さ //シリンダ2 タイトル astPuTW[17].No := 1104; //ｳｨﾝﾄﾞｳNo. astPuTW[17].Wide := 800; //ｳｨﾝﾄﾞｳ幅 astPuTW[17].Height := 32; //ｳｨﾝﾄﾞｳ高さ //シリンダ3 タイトル astPuTW[18].No := 1108; //ｳｨﾝﾄﾞｳNo. astPuTW[18].Wide := 800; //ｳｨﾝﾄﾞｳ幅 astPuTW[18].Height := 32; //ｳｨﾝﾄﾞｳ高さ //シリンダ4 タイトル astPuTW[19].No := 1112; //ｳｨﾝﾄﾞｳNo. astPuTW[19].Wide := 800; //ｳｨﾝﾄﾞｳ幅 astPuTW[19].Height := 32; //ｳｨﾝﾄﾞｳ高さ //シリンダ5 タイトル astPuTW[20].No := 1116; //ｳｨﾝﾄﾞｳNo. astPuTW[20].Wide := 800; //ｳｨﾝﾄﾞｳ幅 astPuTW[20].Height := 32; //ｳｨﾝﾄﾞｳ高さ //シリンダ6 タイトル astPuTW[21].No := 1120; //ｳｨﾝﾄﾞｳNo. astPuTW[21].Wide := 800; //ｳｨﾝﾄﾞｳ幅 astPuTW[21].Height := 32; //ｳｨﾝﾄﾞｳ高さ //シリンダ7 タイトル astPuTW[22].No := 1124; //ｳｨﾝﾄﾞｳNo. astPuTW[22].Wide := 800; //ｳｨﾝﾄﾞｳ幅 astPuTW[22].Height := 32; //ｳｨﾝﾄﾞｳ高さ //シリンダ8 タイトル astPuTW[23].No := 1128; //ｳｨﾝﾄﾞｳNo. astPuTW[23].Wide := 800; //ｳｨﾝﾄﾞｳ幅 astPuTW[23].Height := 32; //ｳｨﾝﾄﾞｳ高さ //シリンダ9 タイトル astPuTW[24].No := 1132; //ｳｨﾝﾄﾞｳNo. astPuTW[24].Wide := 800; //ｳｨﾝﾄﾞｳ幅 astPuTW[24].Height := 32; //ｳｨﾝﾄﾞｳ高さ //シリンダ10 タイトル astPuTW[25].No := 1136; //ｳｨﾝﾄﾞｳNo. astPuTW[25].Wide := 800; //ｳｨﾝﾄﾞｳ幅 astPuTW[25].Height := 32; //ｳｨﾝﾄﾞｳ高さ //シリンダ11 タイトル astPuTW[26].No := 1140; //ｳｨﾝﾄﾞｳNo. astPuTW[26].Wide := 800; //ｳｨﾝﾄﾞｳ幅 astPuTW[26].Height := 32; //ｳｨﾝﾄﾞｳ高さ //シリンダ12 タイトル astPuTW[27].No := 1144; //ｳｨﾝﾄﾞｳNo. astPuTW[27].Wide := 800; //ｳｨﾝﾄﾞｳ幅 astPuTW[27].Height := 32; //ｳｨﾝﾄﾞｳ高さ //シリンダ13 タイトル astPuTW[28].No := 1148; //ｳｨﾝﾄﾞｳNo. astPuTW[28].Wide := 800; //ｳｨﾝﾄﾞｳ幅 astPuTW[28].Height := 32; //ｳｨﾝﾄﾞｳ高さ //シリンダ14 タイトル astPuTW[29].No := 1152; //ｳｨﾝﾄﾞｳNo. astPuTW[29].Wide := 800; //ｳｨﾝﾄﾞｳ幅 astPuTW[29].Height := 32; //ｳｨﾝﾄﾞｳ高さ //シリンダ15 タイトル astPuTW[30].No := 1156; //ｳｨﾝﾄﾞｳNo. astPuTW[30].Wide := 800; //ｳｨﾝﾄﾞｳ幅 astPuTW[30].Height := 32; //ｳｨﾝﾄﾞｳ高さ //シリンダ16 タイトル astPuTW[31].No := 1160; //ｳｨﾝﾄﾞｳNo. astPuTW[31].Wide := 800; //ｳｨﾝﾄﾞｳ幅 astPuTW[31].Height := 32; //ｳｨﾝﾄﾞｳ高さ //シリンダ17 タイトル astPuTW[32].No := 1164; //ｳｨﾝﾄﾞｳNo. astPuTW[32].Wide := 800; //ｳｨﾝﾄﾞｳ幅 astPuTW[32].Height := 32; //ｳｨﾝﾄﾞｳ高さ //シリンダ18 タイトル astPuTW[33].No := 1168; //ｳｨﾝﾄﾞｳNo. astPuTW[33].Wide := 800; //ｳｨﾝﾄﾞｳ幅 astPuTW[33].Height := 32; //ｳｨﾝﾄﾞｳ高さ //シリンダ19 タイトル astPuTW[34].No := 1172; //ｳｨﾝﾄﾞｳNo. astPuTW[34].Wide := 800; //ｳｨﾝﾄﾞｳ幅 astPuTW[34].Height := 32; //ｳｨﾝﾄﾞｳ高さ //エレシリ1 タイトル astPuTW[35].No := 1200; //ｳｨﾝﾄﾞｳNo. astPuTW[35].Wide := 800; //ｳｨﾝﾄﾞｳ幅 astPuTW[35].Height := 32; //ｳｨﾝﾄﾞｳ高さ //合計ウィンドウ数 uiPuTWCnt := 36; //-----ここまで生成script----- | E23: 19 | F23: =IFERROR(INDEX(title!$A$2:$A$2049,MATCH($E23,title!$C$2:$C$2049,0),1),"") | G23: =IFERROR(INDEX(title!$B$2:$B$2049,MATCH($E23,title!$C$2:$C$2049,0),1),"") | H23: =IFERROR(INDEX(title!$C$2:$C$2049,MATCH($E23,title!$C$2:$C$2049,0),1),"") | I23: =IFERROR(INDEX(title!$D$2:$D$2049,MATCH($E23,title!$C$2:$C$2049,0),1),"") | J23: =IFERROR(INDEX(title!$E$2:$E$2049,MATCH($E23,title!$C$2:$C$2049,0),1),"") | N23: =IF(AND(LENB(H23),0<H23,LENB(I23),0<I23),"●","") | O23: =IF(LENB(N23),COUNTIF(N$4:N23,"●"),"") | P23: =IF(AND(LENB(O23),LENB($B$4),LENB($B$5)),$B$4+$B$5*(O23),"") | Q23: =IF(LEN(G23),1,"") | R23: =IF(LEN(Q23),SUM($Q$4:Q23)-1,"") | S23: =IF(LENB($P23),IF(COUNTIF($B$34,"*[*"),REPLACE($B$34,FIND("[",$B$34),2,"["&$R23&"]"),$B$34),"") | T23: =IF(LENB($P23),$S23&"."&T$2&CHAR(9)&$B$8&" "&H23&$B$9&CHAR(9)&$B$7&T$3,"") | U23: =IF(LENB($P23),$S23&"."&U$2&CHAR(9)&$B$8&" "&I23&$B$9&CHAR(9)&$B$7&U$3,"") | V23: =IF(LENB($P23),$S23&"."&V$2&CHAR(9)&$B$8&" "&J23&$B$9&CHAR(9)&$B$7&V$3,"")
E24: 20 | F24: =IFERROR(INDEX(title!$A$2:$A$2049,MATCH($E24,title!$C$2:$C$2049,0),1),"") | G24: =IFERROR(INDEX(title!$B$2:$B$2049,MATCH($E24,title!$C$2:$C$2049,0),1),"") | H24: =IFERROR(INDEX(title!$C$2:$C$2049,MATCH($E24,title!$C$2:$C$2049,0),1),"") | I24: =IFERROR(INDEX(title!$D$2:$D$2049,MATCH($E24,title!$C$2:$C$2049,0),1),"") | J24: =IFERROR(INDEX(title!$E$2:$E$2049,MATCH($E24,title!$C$2:$C$2049,0),1),"") | N24: =IF(AND(LENB(H24),0<H24,LENB(I24),0<I24),"●","") | O24: =IF(LENB(N24),COUNTIF(N$4:N24,"●"),"") | P24: =IF(AND(LENB(O24),LENB($B$4),LENB($B$5)),$B$4+$B$5*(O24),"") | Q24: =IF(LEN(G24),1,"") | R24: =IF(LEN(Q24),SUM($Q$4:Q24)-1,"") | S24: =IF(LENB($P24),IF(COUNTIF($B$34,"*[*"),REPLACE($B$34,FIND("[",$B$34),2,"["&$R24&"]"),$B$34),"") | T24: =IF(LENB($P24),$S24&"."&T$2&CHAR(9)&$B$8&" "&H24&$B$9&CHAR(9)&$B$7&T$3,"") | U24: =IF(LENB($P24),$S24&"."&U$2&CHAR(9)&$B$8&" "&I24&$B$9&CHAR(9)&$B$7&U$3,"") | V24: =IF(LENB($P24),$S24&"."&V$2&CHAR(9)&$B$8&" "&J24&$B$9&CHAR(9)&$B$7&V$3,"")
E25: 21 | F25: =IFERROR(INDEX(title!$A$2:$A$2049,MATCH($E25,title!$C$2:$C$2049,0),1),"") | G25: =IFERROR(INDEX(title!$B$2:$B$2049,MATCH($E25,title!$C$2:$C$2049,0),1),"") | H25: =IFERROR(INDEX(title!$C$2:$C$2049,MATCH($E25,title!$C$2:$C$2049,0),1),"") | I25: =IFERROR(INDEX(title!$D$2:$D$2049,MATCH($E25,title!$C$2:$C$2049,0),1),"") | J25: =IFERROR(INDEX(title!$E$2:$E$2049,MATCH($E25,title!$C$2:$C$2049,0),1),"") | N25: =IF(AND(LENB(H25),0<H25,LENB(I25),0<I25),"●","") | O25: =IF(LENB(N25),COUNTIF(N$4:N25,"●"),"") | P25: =IF(AND(LENB(O25),LENB($B$4),LENB($B$5)),$B$4+$B$5*(O25),"") | Q25: =IF(LEN(G25),1,"") | R25: =IF(LEN(Q25),SUM($Q$4:Q25)-1,"") | S25: =IF(LENB($P25),IF(COUNTIF($B$34,"*[*"),REPLACE($B$34,FIND("[",$B$34),2,"["&$R25&"]"),$B$34),"") | T25: =IF(LENB($P25),$S25&"."&T$2&CHAR(9)&$B$8&" "&H25&$B$9&CHAR(9)&$B$7&T$3,"") | U25: =IF(LENB($P25),$S25&"."&U$2&CHAR(9)&$B$8&" "&I25&$B$9&CHAR(9)&$B$7&U$3,"") | V25: =IF(LENB($P25),$S25&"."&V$2&CHAR(9)&$B$8&" "&J25&$B$9&CHAR(9)&$B$7&V$3,"")
E26: 22 | F26: =IFERROR(INDEX(title!$A$2:$A$2049,MATCH($E26,title!$C$2:$C$2049,0),1),"") | G26: =IFERROR(INDEX(title!$B$2:$B$2049,MATCH($E26,title!$C$2:$C$2049,0),1),"") | H26: =IFERROR(INDEX(title!$C$2:$C$2049,MATCH($E26,title!$C$2:$C$2049,0),1),"") | I26: =IFERROR(INDEX(title!$D$2:$D$2049,MATCH($E26,title!$C$2:$C$2049,0),1),"") | J26: =IFERROR(INDEX(title!$E$2:$E$2049,MATCH($E26,title!$C$2:$C$2049,0),1),"") | N26: =IF(AND(LENB(H26),0<H26,LENB(I26),0<I26),"●","") | O26: =IF(LENB(N26),COUNTIF(N$4:N26,"●"),"") | P26: =IF(AND(LENB(O26),LENB($B$4),LENB($B$5)),$B$4+$B$5*(O26),"") | Q26: =IF(LEN(G26),1,"") | R26: =IF(LEN(Q26),SUM($Q$4:Q26)-1,"") | S26: =IF(LENB($P26),IF(COUNTIF($B$34,"*[*"),REPLACE($B$34,FIND("[",$B$34),2,"["&$R26&"]"),$B$34),"") | T26: =IF(LENB($P26),$S26&"."&T$2&CHAR(9)&$B$8&" "&H26&$B$9&CHAR(9)&$B$7&T$3,"") | U26: =IF(LENB($P26),$S26&"."&U$2&CHAR(9)&$B$8&" "&I26&$B$9&CHAR(9)&$B$7&U$3,"") | V26: =IF(LENB($P26),$S26&"."&V$2&CHAR(9)&$B$8&" "&J26&$B$9&CHAR(9)&$B$7&V$3,"")
E27: 23 | F27: =IFERROR(INDEX(title!$A$2:$A$2049,MATCH($E27,title!$C$2:$C$2049,0),1),"") | G27: =IFERROR(INDEX(title!$B$2:$B$2049,MATCH($E27,title!$C$2:$C$2049,0),1),"") | H27: =IFERROR(INDEX(title!$C$2:$C$2049,MATCH($E27,title!$C$2:$C$2049,0),1),"") | I27: =IFERROR(INDEX(title!$D$2:$D$2049,MATCH($E27,title!$C$2:$C$2049,0),1),"") | J27: =IFERROR(INDEX(title!$E$2:$E$2049,MATCH($E27,title!$C$2:$C$2049,0),1),"") | N27: =IF(AND(LENB(H27),0<H27,LENB(I27),0<I27),"●","") | O27: =IF(LENB(N27),COUNTIF(N$4:N27,"●"),"") | P27: =IF(AND(LENB(O27),LENB($B$4),LENB($B$5)),$B$4+$B$5*(O27),"") | Q27: =IF(LEN(G27),1,"") | R27: =IF(LEN(Q27),SUM($Q$4:Q27)-1,"") | S27: =IF(LENB($P27),IF(COUNTIF($B$34,"*[*"),REPLACE($B$34,FIND("[",$B$34),2,"["&$R27&"]"),$B$34),"") | T27: =IF(LENB($P27),$S27&"."&T$2&CHAR(9)&$B$8&" "&H27&$B$9&CHAR(9)&$B$7&T$3,"") | U27: =IF(LENB($P27),$S27&"."&U$2&CHAR(9)&$B$8&" "&I27&$B$9&CHAR(9)&$B$7&U$3,"") | V27: =IF(LENB($P27),$S27&"."&V$2&CHAR(9)&$B$8&" "&J27&$B$9&CHAR(9)&$B$7&V$3,"")
E28: 24 | F28: =IFERROR(INDEX(title!$A$2:$A$2049,MATCH($E28,title!$C$2:$C$2049,0),1),"") | G28: =IFERROR(INDEX(title!$B$2:$B$2049,MATCH($E28,title!$C$2:$C$2049,0),1),"") | H28: =IFERROR(INDEX(title!$C$2:$C$2049,MATCH($E28,title!$C$2:$C$2049,0),1),"") | I28: =IFERROR(INDEX(title!$D$2:$D$2049,MATCH($E28,title!$C$2:$C$2049,0),1),"") | J28: =IFERROR(INDEX(title!$E$2:$E$2049,MATCH($E28,title!$C$2:$C$2049,0),1),"") | N28: =IF(AND(LENB(H28),0<H28,LENB(I28),0<I28),"●","") | O28: =IF(LENB(N28),COUNTIF(N$4:N28,"●"),"") | P28: =IF(AND(LENB(O28),LENB($B$4),LENB($B$5)),$B$4+$B$5*(O28),"") | Q28: =IF(LEN(G28),1,"") | R28: =IF(LEN(Q28),SUM($Q$4:Q28)-1,"") | S28: =IF(LENB($P28),IF(COUNTIF($B$34,"*[*"),REPLACE($B$34,FIND("[",$B$34),2,"["&$R28&"]"),$B$34),"") | T28: =IF(LENB($P28),$S28&"."&T$2&CHAR(9)&$B$8&" "&H28&$B$9&CHAR(9)&$B$7&T$3,"") | U28: =IF(LENB($P28),$S28&"."&U$2&CHAR(9)&$B$8&" "&I28&$B$9&CHAR(9)&$B$7&U$3,"") | V28: =IF(LENB($P28),$S28&"."&V$2&CHAR(9)&$B$8&" "&J28&$B$9&CHAR(9)&$B$7&V$3,"")
E29: 25 | F29: =IFERROR(INDEX(title!$A$2:$A$2049,MATCH($E29,title!$C$2:$C$2049,0),1),"") | G29: =IFERROR(INDEX(title!$B$2:$B$2049,MATCH($E29,title!$C$2:$C$2049,0),1),"") | H29: =IFERROR(INDEX(title!$C$2:$C$2049,MATCH($E29,title!$C$2:$C$2049,0),1),"") | I29: =IFERROR(INDEX(title!$D$2:$D$2049,MATCH($E29,title!$C$2:$C$2049,0),1),"") | J29: =IFERROR(INDEX(title!$E$2:$E$2049,MATCH($E29,title!$C$2:$C$2049,0),1),"") | N29: =IF(AND(LENB(H29),0<H29,LENB(I29),0<I29),"●","") | O29: =IF(LENB(N29),COUNTIF(N$4:N29,"●"),"") | P29: =IF(AND(LENB(O29),LENB($B$4),LENB($B$5)),$B$4+$B$5*(O29),"") | Q29: =IF(LEN(G29),1,"") | R29: =IF(LEN(Q29),SUM($Q$4:Q29)-1,"") | S29: =IF(LENB($P29),IF(COUNTIF($B$34,"*[*"),REPLACE($B$34,FIND("[",$B$34),2,"["&$R29&"]"),$B$34),"") | T29: =IF(LENB($P29),$S29&"."&T$2&CHAR(9)&$B$8&" "&H29&$B$9&CHAR(9)&$B$7&T$3,"") | U29: =IF(LENB($P29),$S29&"."&U$2&CHAR(9)&$B$8&" "&I29&$B$9&CHAR(9)&$B$7&U$3,"") | V29: =IF(LENB($P29),$S29&"."&V$2&CHAR(9)&$B$8&" "&J29&$B$9&CHAR(9)&$B$7&V$3,"")
E30: 26 | F30: =IFERROR(INDEX(title!$A$2:$A$2049,MATCH($E30,title!$C$2:$C$2049,0),1),"") | G30: =IFERROR(INDEX(title!$B$2:$B$2049,MATCH($E30,title!$C$2:$C$2049,0),1),"") | H30: =IFERROR(INDEX(title!$C$2:$C$2049,MATCH($E30,title!$C$2:$C$2049,0),1),"") | I30: =IFERROR(INDEX(title!$D$2:$D$2049,MATCH($E30,title!$C$2:$C$2049,0),1),"") | J30: =IFERROR(INDEX(title!$E$2:$E$2049,MATCH($E30,title!$C$2:$C$2049,0),1),"") | N30: =IF(AND(LENB(H30),0<H30,LENB(I30),0<I30),"●","") | O30: =IF(LENB(N30),COUNTIF(N$4:N30,"●"),"") | P30: =IF(AND(LENB(O30),LENB($B$4),LENB($B$5)),$B$4+$B$5*(O30),"") | Q30: =IF(LEN(G30),1,"") | R30: =IF(LEN(Q30),SUM($Q$4:Q30)-1,"") | S30: =IF(LENB($P30),IF(COUNTIF($B$34,"*[*"),REPLACE($B$34,FIND("[",$B$34),2,"["&$R30&"]"),$B$34),"") | T30: =IF(LENB($P30),$S30&"."&T$2&CHAR(9)&$B$8&" "&H30&$B$9&CHAR(9)&$B$7&T$3,"") | U30: =IF(LENB($P30),$S30&"."&U$2&CHAR(9)&$B$8&" "&I30&$B$9&CHAR(9)&$B$7&U$3,"") | V30: =IF(LENB($P30),$S30&"."&V$2&CHAR(9)&$B$8&" "&J30&$B$9&CHAR(9)&$B$7&V$3,"")
E31: 27 | F31: =IFERROR(INDEX(title!$A$2:$A$2049,MATCH($E31,title!$C$2:$C$2049,0),1),"") | G31: =IFERROR(INDEX(title!$B$2:$B$2049,MATCH($E31,title!$C$2:$C$2049,0),1),"") | H31: =IFERROR(INDEX(title!$C$2:$C$2049,MATCH($E31,title!$C$2:$C$2049,0),1),"") | I31: =IFERROR(INDEX(title!$D$2:$D$2049,MATCH($E31,title!$C$2:$C$2049,0),1),"") | J31: =IFERROR(INDEX(title!$E$2:$E$2049,MATCH($E31,title!$C$2:$C$2049,0),1),"") | N31: =IF(AND(LENB(H31),0<H31,LENB(I31),0<I31),"●","") | O31: =IF(LENB(N31),COUNTIF(N$4:N31,"●"),"") | P31: =IF(AND(LENB(O31),LENB($B$4),LENB($B$5)),$B$4+$B$5*(O31),"") | Q31: =IF(LEN(G31),1,"") | R31: =IF(LEN(Q31),SUM($Q$4:Q31)-1,"") | S31: =IF(LENB($P31),IF(COUNTIF($B$34,"*[*"),REPLACE($B$34,FIND("[",$B$34),2,"["&$R31&"]"),$B$34),"") | T31: =IF(LENB($P31),$S31&"."&T$2&CHAR(9)&$B$8&" "&H31&$B$9&CHAR(9)&$B$7&T$3,"") | U31: =IF(LENB($P31),$S31&"."&U$2&CHAR(9)&$B$8&" "&I31&$B$9&CHAR(9)&$B$7&U$3,"") | V31: =IF(LENB($P31),$S31&"."&V$2&CHAR(9)&$B$8&" "&J31&$B$9&CHAR(9)&$B$7&V$3,"")
E32: 28 | F32: =IFERROR(INDEX(title!$A$2:$A$2049,MATCH($E32,title!$C$2:$C$2049,0),1),"") | G32: =IFERROR(INDEX(title!$B$2:$B$2049,MATCH($E32,title!$C$2:$C$2049,0),1),"") | H32: =IFERROR(INDEX(title!$C$2:$C$2049,MATCH($E32,title!$C$2:$C$2049,0),1),"") | I32: =IFERROR(INDEX(title!$D$2:$D$2049,MATCH($E32,title!$C$2:$C$2049,0),1),"") | J32: =IFERROR(INDEX(title!$E$2:$E$2049,MATCH($E32,title!$C$2:$C$2049,0),1),"") | N32: =IF(AND(LENB(H32),0<H32,LENB(I32),0<I32),"●","") | O32: =IF(LENB(N32),COUNTIF(N$4:N32,"●"),"") | P32: =IF(AND(LENB(O32),LENB($B$4),LENB($B$5)),$B$4+$B$5*(O32),"") | Q32: =IF(LEN(G32),1,"") | R32: =IF(LEN(Q32),SUM($Q$4:Q32)-1,"") | S32: =IF(LENB($P32),IF(COUNTIF($B$34,"*[*"),REPLACE($B$34,FIND("[",$B$34),2,"["&$R32&"]"),$B$34),"") | T32: =IF(LENB($P32),$S32&"."&T$2&CHAR(9)&$B$8&" "&H32&$B$9&CHAR(9)&$B$7&T$3,"") | U32: =IF(LENB($P32),$S32&"."&U$2&CHAR(9)&$B$8&" "&I32&$B$9&CHAR(9)&$B$7&U$3,"") | V32: =IF(LENB($P32),$S32&"."&V$2&CHAR(9)&$B$8&" "&J32&$B$9&CHAR(9)&$B$7&V$3,"")
A33: データ数変数 | B33: uiPuTWCnt | E33: 29 | F33: =IFERROR(INDEX(title!$A$2:$A$2049,MATCH($E33,title!$C$2:$C$2049,0),1),"") | G33: =IFERROR(INDEX(title!$B$2:$B$2049,MATCH($E33,title!$C$2:$C$2049,0),1),"") | H33: =IFERROR(INDEX(title!$C$2:$C$2049,MATCH($E33,title!$C$2:$C$2049,0),1),"") | I33: =IFERROR(INDEX(title!$D$2:$D$2049,MATCH($E33,title!$C$2:$C$2049,0),1),"") | J33: =IFERROR(INDEX(title!$E$2:$E$2049,MATCH($E33,title!$C$2:$C$2049,0),1),"") | N33: =IF(AND(LENB(H33),0<H33,LENB(I33),0<I33),"●","") | O33: =IF(LENB(N33),COUNTIF(N$4:N33,"●"),"") | P33: =IF(AND(LENB(O33),LENB($B$4),LENB($B$5)),$B$4+$B$5*(O33),"") | Q33: =IF(LEN(G33),1,"") | R33: =IF(LEN(Q33),SUM($Q$4:Q33)-1,"") | S33: =IF(LENB($P33),IF(COUNTIF($B$34,"*[*"),REPLACE($B$34,FIND("[",$B$34),2,"["&$R33&"]"),$B$34),"") | T33: =IF(LENB($P33),$S33&"."&T$2&CHAR(9)&$B$8&" "&H33&$B$9&CHAR(9)&$B$7&T$3,"") | U33: =IF(LENB($P33),$S33&"."&U$2&CHAR(9)&$B$8&" "&I33&$B$9&CHAR(9)&$B$7&U$3,"") | V33: =IF(LENB($P33),$S33&"."&V$2&CHAR(9)&$B$8&" "&J33&$B$9&CHAR(9)&$B$7&V$3,"")
A34: 変数名 | B34: astPuTW[] | C34: コメント | E34: 30 | F34: =IFERROR(INDEX(title!$A$2:$A$2049,MATCH($E34,title!$C$2:$C$2049,0),1),"") | G34: =IFERROR(INDEX(title!$B$2:$B$2049,MATCH($E34,title!$C$2:$C$2049,0),1),"") | H34: =IFERROR(INDEX(title!$C$2:$C$2049,MATCH($E34,title!$C$2:$C$2049,0),1),"") | I34: =IFERROR(INDEX(title!$D$2:$D$2049,MATCH($E34,title!$C$2:$C$2049,0),1),"") | J34: =IFERROR(INDEX(title!$E$2:$E$2049,MATCH($E34,title!$C$2:$C$2049,0),1),"") | N34: =IF(AND(LENB(H34),0<H34,LENB(I34),0<I34),"●","") | O34: =IF(LENB(N34),COUNTIF(N$4:N34,"●"),"") | P34: =IF(AND(LENB(O34),LENB($B$4),LENB($B$5)),$B$4+$B$5*(O34),"") | Q34: =IF(LEN(G34),1,"") | R34: =IF(LEN(Q34),SUM($Q$4:Q34)-1,"") | S34: =IF(LENB($P34),IF(COUNTIF($B$34,"*[*"),REPLACE($B$34,FIND("[",$B$34),2,"["&$R34&"]"),$B$34),"") | T34: =IF(LENB($P34),$S34&"."&T$2&CHAR(9)&$B$8&" "&H34&$B$9&CHAR(9)&$B$7&T$3,"") | U34: =IF(LENB($P34),$S34&"."&U$2&CHAR(9)&$B$8&" "&I34&$B$9&CHAR(9)&$B$7&U$3,"") | V34: =IF(LENB($P34),$S34&"."&V$2&CHAR(9)&$B$8&" "&J34&$B$9&CHAR(9)&$B$7&V$3,"")
A35: 0 | B35: No | C35: ｳｨﾝﾄﾞｳNo. | E35: 31 | F35: =IFERROR(INDEX(title!$A$2:$A$2049,MATCH($E35,title!$C$2:$C$2049,0),1),"") | G35: =IFERROR(INDEX(title!$B$2:$B$2049,MATCH($E35,title!$C$2:$C$2049,0),1),"") | H35: =IFERROR(INDEX(title!$C$2:$C$2049,MATCH($E35,title!$C$2:$C$2049,0),1),"") | I35: =IFERROR(INDEX(title!$D$2:$D$2049,MATCH($E35,title!$C$2:$C$2049,0),1),"") | J35: =IFERROR(INDEX(title!$E$2:$E$2049,MATCH($E35,title!$C$2:$C$2049,0),1),"") | N35: =IF(AND(LENB(H35),0<H35,LENB(I35),0<I35),"●","") | O35: =IF(LENB(N35),COUNTIF(N$4:N35,"●"),"") | P35: =IF(AND(LENB(O35),LENB($B$4),LENB($B$5)),$B$4+$B$5*(O35),"") | Q35: =IF(LEN(G35),1,"") | R35: =IF(LEN(Q35),SUM($Q$4:Q35)-1,"") | S35: =IF(LENB($P35),IF(COUNTIF($B$34,"*[*"),REPLACE($B$34,FIND("[",$B$34),2,"["&$R35&"]"),$B$34),"") | T35: =IF(LENB($P35),$S35&"."&T$2&CHAR(9)&$B$8&" "&H35&$B$9&CHAR(9)&$B$7&T$3,"") | U35: =IF(LENB($P35),$S35&"."&U$2&CHAR(9)&$B$8&" "&I35&$B$9&CHAR(9)&$B$7&U$3,"") | V35: =IF(LENB($P35),$S35&"."&V$2&CHAR(9)&$B$8&" "&J35&$B$9&CHAR(9)&$B$7&V$3,"")
A36: 1 | B36: Wide | C36: ｳｨﾝﾄﾞｳ幅 | E36: 32 | F36: =IFERROR(INDEX(title!$A$2:$A$2049,MATCH($E36,title!$C$2:$C$2049,0),1),"") | G36: =IFERROR(INDEX(title!$B$2:$B$2049,MATCH($E36,title!$C$2:$C$2049,0),1),"") | H36: =IFERROR(INDEX(title!$C$2:$C$2049,MATCH($E36,title!$C$2:$C$2049,0),1),"") | I36: =IFERROR(INDEX(title!$D$2:$D$2049,MATCH($E36,title!$C$2:$C$2049,0),1),"") | J36: =IFERROR(INDEX(title!$E$2:$E$2049,MATCH($E36,title!$C$2:$C$2049,0),1),"") | N36: =IF(AND(LENB(H36),0<H36,LENB(I36),0<I36),"●","") | O36: =IF(LENB(N36),COUNTIF(N$4:N36,"●"),"") | P36: =IF(AND(LENB(O36),LENB($B$4),LENB($B$5)),$B$4+$B$5*(O36),"") | Q36: =IF(LEN(G36),1,"") | R36: =IF(LEN(Q36),SUM($Q$4:Q36)-1,"") | S36: =IF(LENB($P36),IF(COUNTIF($B$34,"*[*"),REPLACE($B$34,FIND("[",$B$34),2,"["&$R36&"]"),$B$34),"") | T36: =IF(LENB($P36),$S36&"."&T$2&CHAR(9)&$B$8&" "&H36&$B$9&CHAR(9)&$B$7&T$3,"") | U36: =IF(LENB($P36),$S36&"."&U$2&CHAR(9)&$B$8&" "&I36&$B$9&CHAR(9)&$B$7&U$3,"") | V36: =IF(LENB($P36),$S36&"."&V$2&CHAR(9)&$B$8&" "&J36&$B$9&CHAR(9)&$B$7&V$3,"")
A37: 2 | B37: Height | C37: ｳｨﾝﾄﾞｳ高さ | E37: 33 | F37: =IFERROR(INDEX(title!$A$2:$A$2049,MATCH($E37,title!$C$2:$C$2049,0),1),"") | G37: =IFERROR(INDEX(title!$B$2:$B$2049,MATCH($E37,title!$C$2:$C$2049,0),1),"") | H37: =IFERROR(INDEX(title!$C$2:$C$2049,MATCH($E37,title!$C$2:$C$2049,0),1),"") | I37: =IFERROR(INDEX(title!$D$2:$D$2049,MATCH($E37,title!$C$2:$C$2049,0),1),"") | J37: =IFERROR(INDEX(title!$E$2:$E$2049,MATCH($E37,title!$C$2:$C$2049,0),1),"") | N37: =IF(AND(LENB(H37),0<H37,LENB(I37),0<I37),"●","") | O37: =IF(LENB(N37),COUNTIF(N$4:N37,"●"),"") | P37: =IF(AND(LENB(O37),LENB($B$4),LENB($B$5)),$B$4+$B$5*(O37),"") | Q37: =IF(LEN(G37),1,"") | R37: =IF(LEN(Q37),SUM($Q$4:Q37)-1,"") | S37: =IF(LENB($P37),IF(COUNTIF($B$34,"*[*"),REPLACE($B$34,FIND("[",$B$34),2,"["&$R37&"]"),$B$34),"") | T37: =IF(LENB($P37),$S37&"."&T$2&CHAR(9)&$B$8&" "&H37&$B$9&CHAR(9)&$B$7&T$3,"") | U37: =IF(LENB($P37),$S37&"."&U$2&CHAR(9)&$B$8&" "&I37&$B$9&CHAR(9)&$B$7&U$3,"") | V37: =IF(LENB($P37),$S37&"."&V$2&CHAR(9)&$B$8&" "&J37&$B$9&CHAR(9)&$B$7&V$3,"")
A38: 3 | E38: 34 | F38: =IFERROR(INDEX(title!$A$2:$A$2049,MATCH($E38,title!$C$2:$C$2049,0),1),"") | G38: =IFERROR(INDEX(title!$B$2:$B$2049,MATCH($E38,title!$C$2:$C$2049,0),1),"") | H38: =IFERROR(INDEX(title!$C$2:$C$2049,MATCH($E38,title!$C$2:$C$2049,0),1),"") | I38: =IFERROR(INDEX(title!$D$2:$D$2049,MATCH($E38,title!$C$2:$C$2049,0),1),"") | J38: =IFERROR(INDEX(title!$E$2:$E$2049,MATCH($E38,title!$C$2:$C$2049,0),1),"") | N38: =IF(AND(LENB(H38),0<H38,LENB(I38),0<I38),"●","") | O38: =IF(LENB(N38),COUNTIF(N$4:N38,"●"),"") | P38: =IF(AND(LENB(O38),LENB($B$4),LENB($B$5)),$B$4+$B$5*(O38),"") | Q38: =IF(LEN(G38),1,"") | R38: =IF(LEN(Q38),SUM($Q$4:Q38)-1,"") | S38: =IF(LENB($P38),IF(COUNTIF($B$34,"*[*"),REPLACE($B$34,FIND("[",$B$34),2,"["&$R38&"]"),$B$34),"") | T38: =IF(LENB($P38),$S38&"."&T$2&CHAR(9)&$B$8&" "&H38&$B$9&CHAR(9)&$B$7&T$3,"") | U38: =IF(LENB($P38),$S38&"."&U$2&CHAR(9)&$B$8&" "&I38&$B$9&CHAR(9)&$B$7&U$3,"") | V38: =IF(LENB($P38),$S38&"."&V$2&CHAR(9)&$B$8&" "&J38&$B$9&CHAR(9)&$B$7&V$3,"")
A39: 4 | E39: 35 | F39: =IFERROR(INDEX(title!$A$2:$A$2049,MATCH($E39,title!$C$2:$C$2049,0),1),"") | G39: =IFERROR(INDEX(title!$B$2:$B$2049,MATCH($E39,title!$C$2:$C$2049,0),1),"") | H39: =IFERROR(INDEX(title!$C$2:$C$2049,MATCH($E39,title!$C$2:$C$2049,0),1),"") | I39: =IFERROR(INDEX(title!$D$2:$D$2049,MATCH($E39,title!$C$2:$C$2049,0),1),"") | J39: =IFERROR(INDEX(title!$E$2:$E$2049,MATCH($E39,title!$C$2:$C$2049,0),1),"") | N39: =IF(AND(LENB(H39),0<H39,LENB(I39),0<I39),"●","") | O39: =IF(LENB(N39),COUNTIF(N$4:N39,"●"),"") | P39: =IF(AND(LENB(O39),LENB($B$4),LENB($B$5)),$B$4+$B$5*(O39),"") | Q39: =IF(LEN(G39),1,"") | R39: =IF(LEN(Q39),SUM($Q$4:Q39)-1,"") | S39: =IF(LENB($P39),IF(COUNTIF($B$34,"*[*"),REPLACE($B$34,FIND("[",$B$34),2,"["&$R39&"]"),$B$34),"") | T39: =IF(LENB($P39),$S39&"."&T$2&CHAR(9)&$B$8&" "&H39&$B$9&CHAR(9)&$B$7&T$3,"") | U39: =IF(LENB($P39),$S39&"."&U$2&CHAR(9)&$B$8&" "&I39&$B$9&CHAR(9)&$B$7&U$3,"") | V39: =IF(LENB($P39),$S39&"."&V$2&CHAR(9)&$B$8&" "&J39&$B$9&CHAR(9)&$B$7&V$3,"")
A40: 5 | E40: 36 | F40: =IFERROR(INDEX(title!$A$2:$A$2049,MATCH($E40,title!$C$2:$C$2049,0),1),"") | G40: =IFERROR(INDEX(title!$B$2:$B$2049,MATCH($E40,title!$C$2:$C$2049,0),1),"") | H40: =IFERROR(INDEX(title!$C$2:$C$2049,MATCH($E40,title!$C$2:$C$2049,0),1),"") | I40: =IFERROR(INDEX(title!$D$2:$D$2049,MATCH($E40,title!$C$2:$C$2049,0),1),"") | J40: =IFERROR(INDEX(title!$E$2:$E$2049,MATCH($E40,title!$C$2:$C$2049,0),1),"") | N40: =IF(AND(LENB(H40),0<H40,LENB(I40),0<I40),"●","") | O40: =IF(LENB(N40),COUNTIF(N$4:N40,"●"),"") | P40: =IF(AND(LENB(O40),LENB($B$4),LENB($B$5)),$B$4+$B$5*(O40),"") | Q40: =IF(LEN(G40),1,"") | R40: =IF(LEN(Q40),SUM($Q$4:Q40)-1,"") | S40: =IF(LENB($P40),IF(COUNTIF($B$34,"*[*"),REPLACE($B$34,FIND("[",$B$34),2,"["&$R40&"]"),$B$34),"") | T40: =IF(LENB($P40),$S40&"."&T$2&CHAR(9)&$B$8&" "&H40&$B$9&CHAR(9)&$B$7&T$3,"") | U40: =IF(LENB($P40),$S40&"."&U$2&CHAR(9)&$B$8&" "&I40&$B$9&CHAR(9)&$B$7&U$3,"") | V40: =IF(LENB($P40),$S40&"."&V$2&CHAR(9)&$B$8&" "&J40&$B$9&CHAR(9)&$B$7&V$3,"")
A41: 6 | E41: 37 | F41: =IFERROR(INDEX(title!$A$2:$A$2049,MATCH($E41,title!$C$2:$C$2049,0),1),"") | G41: =IFERROR(INDEX(title!$B$2:$B$2049,MATCH($E41,title!$C$2:$C$2049,0),1),"") | H41: =IFERROR(INDEX(title!$C$2:$C$2049,MATCH($E41,title!$C$2:$C$2049,0),1),"") | I41: =IFERROR(INDEX(title!$D$2:$D$2049,MATCH($E41,title!$C$2:$C$2049,0),1),"") | J41: =IFERROR(INDEX(title!$E$2:$E$2049,MATCH($E41,title!$C$2:$C$2049,0),1),"") | N41: =IF(AND(LENB(H41),0<H41,LENB(I41),0<I41),"●","") | O41: =IF(LENB(N41),COUNTIF(N$4:N41,"●"),"") | P41: =IF(AND(LENB(O41),LENB($B$4),LENB($B$5)),$B$4+$B$5*(O41),"") | Q41: =IF(LEN(G41),1,"") | R41: =IF(LEN(Q41),SUM($Q$4:Q41)-1,"") | S41: =IF(LENB($P41),IF(COUNTIF($B$34,"*[*"),REPLACE($B$34,FIND("[",$B$34),2,"["&$R41&"]"),$B$34),"") | T41: =IF(LENB($P41),$S41&"."&T$2&CHAR(9)&$B$8&" "&H41&$B$9&CHAR(9)&$B$7&T$3,"") | U41: =IF(LENB($P41),$S41&"."&U$2&CHAR(9)&$B$8&" "&I41&$B$9&CHAR(9)&$B$7&U$3,"") | V41: =IF(LENB($P41),$S41&"."&V$2&CHAR(9)&$B$8&" "&J41&$B$9&CHAR(9)&$B$7&V$3,"")
A42: 7 | E42: 38 | F42: =IFERROR(INDEX(title!$A$2:$A$2049,MATCH($E42,title!$C$2:$C$2049,0),1),"") | G42: =IFERROR(INDEX(title!$B$2:$B$2049,MATCH($E42,title!$C$2:$C$2049,0),1),"") | H42: =IFERROR(INDEX(title!$C$2:$C$2049,MATCH($E42,title!$C$2:$C$2049,0),1),"") | I42: =IFERROR(INDEX(title!$D$2:$D$2049,MATCH($E42,title!$C$2:$C$2049,0),1),"") | J42: =IFERROR(INDEX(title!$E$2:$E$2049,MATCH($E42,title!$C$2:$C$2049,0),1),"") | N42: =IF(AND(LENB(H42),0<H42,LENB(I42),0<I42),"●","") | O42: =IF(LENB(N42),COUNTIF(N$4:N42,"●"),"") | P42: =IF(AND(LENB(O42),LENB($B$4),LENB($B$5)),$B$4+$B$5*(O42),"") | Q42: =IF(LEN(G42),1,"") | R42: =IF(LEN(Q42),SUM($Q$4:Q42)-1,"") | S42: =IF(LENB($P42),IF(COUNTIF($B$34,"*[*"),REPLACE($B$34,FIND("[",$B$34),2,"["&$R42&"]"),$B$34),"") | T42: =IF(LENB($P42),$S42&"."&T$2&CHAR(9)&$B$8&" "&H42&$B$9&CHAR(9)&$B$7&T$3,"") | U42: =IF(LENB($P42),$S42&"."&U$2&CHAR(9)&$B$8&" "&I42&$B$9&CHAR(9)&$B$7&U$3,"") | V42: =IF(LENB($P42),$S42&"."&V$2&CHAR(9)&$B$8&" "&J42&$B$9&CHAR(9)&$B$7&V$3,"")
A43: 8 | E43: 39 | F43: =IFERROR(INDEX(title!$A$2:$A$2049,MATCH($E43,title!$C$2:$C$2049,0),1),"") | G43: =IFERROR(INDEX(title!$B$2:$B$2049,MATCH($E43,title!$C$2:$C$2049,0),1),"") | H43: =IFERROR(INDEX(title!$C$2:$C$2049,MATCH($E43,title!$C$2:$C$2049,0),1),"") | I43: =IFERROR(INDEX(title!$D$2:$D$2049,MATCH($E43,title!$C$2:$C$2049,0),1),"") | J43: =IFERROR(INDEX(title!$E$2:$E$2049,MATCH($E43,title!$C$2:$C$2049,0),1),"") | N43: =IF(AND(LENB(H43),0<H43,LENB(I43),0<I43),"●","") | O43: =IF(LENB(N43),COUNTIF(N$4:N43,"●"),"") | P43: =IF(AND(LENB(O43),LENB($B$4),LENB($B$5)),$B$4+$B$5*(O43),"") | Q43: =IF(LEN(G43),1,"") | R43: =IF(LEN(Q43),SUM($Q$4:Q43)-1,"") | S43: =IF(LENB($P43),IF(COUNTIF($B$34,"*[*"),REPLACE($B$34,FIND("[",$B$34),2,"["&$R43&"]"),$B$34),"") | T43: =IF(LENB($P43),$S43&"."&T$2&CHAR(9)&$B$8&" "&H43&$B$9&CHAR(9)&$B$7&T$3,"") | U43: =IF(LENB($P43),$S43&"."&U$2&CHAR(9)&$B$8&" "&I43&$B$9&CHAR(9)&$B$7&U$3,"") | V43: =IF(LENB($P43),$S43&"."&V$2&CHAR(9)&$B$8&" "&J43&$B$9&CHAR(9)&$B$7&V$3,"")
A44: 9 | E44: 40 | F44: =IFERROR(INDEX(title!$A$2:$A$2049,MATCH($E44,title!$C$2:$C$2049,0),1),"") | G44: =IFERROR(INDEX(title!$B$2:$B$2049,MATCH($E44,title!$C$2:$C$2049,0),1),"") | H44: =IFERROR(INDEX(title!$C$2:$C$2049,MATCH($E44,title!$C$2:$C$2049,0),1),"") | I44: =IFERROR(INDEX(title!$D$2:$D$2049,MATCH($E44,title!$C$2:$C$2049,0),1),"") | J44: =IFERROR(INDEX(title!$E$2:$E$2049,MATCH($E44,title!$C$2:$C$2049,0),1),"") | N44: =IF(AND(LENB(H44),0<H44,LENB(I44),0<I44),"●","") | O44: =IF(LENB(N44),COUNTIF(N$4:N44,"●"),"") | P44: =IF(AND(LENB(O44),LENB($B$4),LENB($B$5)),$B$4+$B$5*(O44),"") | Q44: =IF(LEN(G44),1,"") | R44: =IF(LEN(Q44),SUM($Q$4:Q44)-1,"") | S44: =IF(LENB($P44),IF(COUNTIF($B$34,"*[*"),REPLACE($B$34,FIND("[",$B$34),2,"["&$R44&"]"),$B$34),"") | T44: =IF(LENB($P44),$S44&"."&T$2&CHAR(9)&$B$8&" "&H44&$B$9&CHAR(9)&$B$7&T$3,"") | U44: =IF(LENB($P44),$S44&"."&U$2&CHAR(9)&$B$8&" "&I44&$B$9&CHAR(9)&$B$7&U$3,"") | V44: =IF(LENB($P44),$S44&"."&V$2&CHAR(9)&$B$8&" "&J44&$B$9&CHAR(9)&$B$7&V$3,"")
E45: 41 | F45: =IFERROR(INDEX(title!$A$2:$A$2049,MATCH($E45,title!$C$2:$C$2049,0),1),"") | G45: =IFERROR(INDEX(title!$B$2:$B$2049,MATCH($E45,title!$C$2:$C$2049,0),1),"") | H45: =IFERROR(INDEX(title!$C$2:$C$2049,MATCH($E45,title!$C$2:$C$2049,0),1),"") | I45: =IFERROR(INDEX(title!$D$2:$D$2049,MATCH($E45,title!$C$2:$C$2049,0),1),"") | J45: =IFERROR(INDEX(title!$E$2:$E$2049,MATCH($E45,title!$C$2:$C$2049,0),1),"") | N45: =IF(AND(LENB(H45),0<H45,LENB(I45),0<I45),"●","") | O45: =IF(LENB(N45),COUNTIF(N$4:N45,"●"),"") | P45: =IF(AND(LENB(O45),LENB($B$4),LENB($B$5)),$B$4+$B$5*(O45),"") | Q45: =IF(LEN(G45),1,"") | R45: =IF(LEN(Q45),SUM($Q$4:Q45)-1,"") | S45: =IF(LENB($P45),IF(COUNTIF($B$34,"*[*"),REPLACE($B$34,FIND("[",$B$34),2,"["&$R45&"]"),$B$34),"") | T45: =IF(LENB($P45),$S45&"."&T$2&CHAR(9)&$B$8&" "&H45&$B$9&CHAR(9)&$B$7&T$3,"") | U45: =IF(LENB($P45),$S45&"."&U$2&CHAR(9)&$B$8&" "&I45&$B$9&CHAR(9)&$B$7&U$3,"") | V45: =IF(LENB($P45),$S45&"."&V$2&CHAR(9)&$B$8&" "&J45&$B$9&CHAR(9)&$B$7&V$3,"")
E46: 42 | F46: =IFERROR(INDEX(title!$A$2:$A$2049,MATCH($E46,title!$C$2:$C$2049,0),1),"") | G46: =IFERROR(INDEX(title!$B$2:$B$2049,MATCH($E46,title!$C$2:$C$2049,0),1),"") | H46: =IFERROR(INDEX(title!$C$2:$C$2049,MATCH($E46,title!$C$2:$C$2049,0),1),"") | I46: =IFERROR(INDEX(title!$D$2:$D$2049,MATCH($E46,title!$C$2:$C$2049,0),1),"") | J46: =IFERROR(INDEX(title!$E$2:$E$2049,MATCH($E46,title!$C$2:$C$2049,0),1),"") | N46: =IF(AND(LENB(H46),0<H46,LENB(I46),0<I46),"●","") | O46: =IF(LENB(N46),COUNTIF(N$4:N46,"●"),"") | P46: =IF(AND(LENB(O46),LENB($B$4),LENB($B$5)),$B$4+$B$5*(O46),"") | Q46: =IF(LEN(G46),1,"") | R46: =IF(LEN(Q46),SUM($Q$4:Q46)-1,"") | S46: =IF(LENB($P46),IF(COUNTIF($B$34,"*[*"),REPLACE($B$34,FIND("[",$B$34),2,"["&$R46&"]"),$B$34),"") | T46: =IF(LENB($P46),$S46&"."&T$2&CHAR(9)&$B$8&" "&H46&$B$9&CHAR(9)&$B$7&T$3,"") | U46: =IF(LENB($P46),$S46&"."&U$2&CHAR(9)&$B$8&" "&I46&$B$9&CHAR(9)&$B$7&U$3,"") | V46: =IF(LENB($P46),$S46&"."&V$2&CHAR(9)&$B$8&" "&J46&$B$9&CHAR(9)&$B$7&V$3,"")
E47: 43 | F47: =IFERROR(INDEX(title!$A$2:$A$2049,MATCH($E47,title!$C$2:$C$2049,0),1),"") | G47: =IFERROR(INDEX(title!$B$2:$B$2049,MATCH($E47,title!$C$2:$C$2049,0),1),"") | H47: =IFERROR(INDEX(title!$C$2:$C$2049,MATCH($E47,title!$C$2:$C$2049,0),1),"") | I47: =IFERROR(INDEX(title!$D$2:$D$2049,MATCH($E47,title!$C$2:$C$2049,0),1),"") | J47: =IFERROR(INDEX(title!$E$2:$E$2049,MATCH($E47,title!$C$2:$C$2049,0),1),"") | N47: =IF(AND(LENB(H47),0<H47,LENB(I47),0<I47),"●","") | O47: =IF(LENB(N47),COUNTIF(N$4:N47,"●"),"") | P47: =IF(AND(LENB(O47),LENB($B$4),LENB($B$5)),$B$4+$B$5*(O47),"") | Q47: =IF(LEN(G47),1,"") | R47: =IF(LEN(Q47),SUM($Q$4:Q47)-1,"") | S47: =IF(LENB($P47),IF(COUNTIF($B$34,"*[*"),REPLACE($B$34,FIND("[",$B$34),2,"["&$R47&"]"),$B$34),"") | T47: =IF(LENB($P47),$S47&"."&T$2&CHAR(9)&$B$8&" "&H47&$B$9&CHAR(9)&$B$7&T$3,"") | U47: =IF(LENB($P47),$S47&"."&U$2&CHAR(9)&$B$8&" "&I47&$B$9&CHAR(9)&$B$7&U$3,"") | V47: =IF(LENB($P47),$S47&"."&V$2&CHAR(9)&$B$8&" "&J47&$B$9&CHAR(9)&$B$7&V$3,"")
E48: 44 | F48: =IFERROR(INDEX(title!$A$2:$A$2049,MATCH($E48,title!$C$2:$C$2049,0),1),"") | G48: =IFERROR(INDEX(title!$B$2:$B$2049,MATCH($E48,title!$C$2:$C$2049,0),1),"") | H48: =IFERROR(INDEX(title!$C$2:$C$2049,MATCH($E48,title!$C$2:$C$2049,0),1),"") | I48: =IFERROR(INDEX(title!$D$2:$D$2049,MATCH($E48,title!$C$2:$C$2049,0),1),"") | J48: =IFERROR(INDEX(title!$E$2:$E$2049,MATCH($E48,title!$C$2:$C$2049,0),1),"") | N48: =IF(AND(LENB(H48),0<H48,LENB(I48),0<I48),"●","") | O48: =IF(LENB(N48),COUNTIF(N$4:N48,"●"),"") | P48: =IF(AND(LENB(O48),LENB($B$4),LENB($B$5)),$B$4+$B$5*(O48),"") | Q48: =IF(LEN(G48),1,"") | R48: =IF(LEN(Q48),SUM($Q$4:Q48)-1,"") | S48: =IF(LENB($P48),IF(COUNTIF($B$34,"*[*"),REPLACE($B$34,FIND("[",$B$34),2,"["&$R48&"]"),$B$34),"") | T48: =IF(LENB($P48),$S48&"."&T$2&CHAR(9)&$B$8&" "&H48&$B$9&CHAR(9)&$B$7&T$3,"") | U48: =IF(LENB($P48),$S48&"."&U$2&CHAR(9)&$B$8&" "&I48&$B$9&CHAR(9)&$B$7&U$3,"") | V48: =IF(LENB($P48),$S48&"."&V$2&CHAR(9)&$B$8&" "&J48&$B$9&CHAR(9)&$B$7&V$3,"")
E49: 45 | F49: =IFERROR(INDEX(title!$A$2:$A$2049,MATCH($E49,title!$C$2:$C$2049,0),1),"") | G49: =IFERROR(INDEX(title!$B$2:$B$2049,MATCH($E49,title!$C$2:$C$2049,0),1),"") | H49: =IFERROR(INDEX(title!$C$2:$C$2049,MATCH($E49,title!$C$2:$C$2049,0),1),"") | I49: =IFERROR(INDEX(title!$D$2:$D$2049,MATCH($E49,title!$C$2:$C$2049,0),1),"") | J49: =IFERROR(INDEX(title!$E$2:$E$2049,MATCH($E49,title!$C$2:$C$2049,0),1),"") | N49: =IF(AND(LENB(H49),0<H49,LENB(I49),0<I49),"●","") | O49: =IF(LENB(N49),COUNTIF(N$4:N49,"●"),"") | P49: =IF(AND(LENB(O49),LENB($B$4),LENB($B$5)),$B$4+$B$5*(O49),"") | Q49: =IF(LEN(G49),1,"") | R49: =IF(LEN(Q49),SUM($Q$4:Q49)-1,"") | S49: =IF(LENB($P49),IF(COUNTIF($B$34,"*[*"),REPLACE($B$34,FIND("[",$B$34),2,"["&$R49&"]"),$B$34),"") | T49: =IF(LENB($P49),$S49&"."&T$2&CHAR(9)&$B$8&" "&H49&$B$9&CHAR(9)&$B$7&T$3,"") | U49: =IF(LENB($P49),$S49&"."&U$2&CHAR(9)&$B$8&" "&I49&$B$9&CHAR(9)&$B$7&U$3,"") | V49: =IF(LENB($P49),$S49&"."&V$2&CHAR(9)&$B$8&" "&J49&$B$9&CHAR(9)&$B$7&V$3,"")
E50: 46 | F50: =IFERROR(INDEX(title!$A$2:$A$2049,MATCH($E50,title!$C$2:$C$2049,0),1),"") | G50: =IFERROR(INDEX(title!$B$2:$B$2049,MATCH($E50,title!$C$2:$C$2049,0),1),"") | H50: =IFERROR(INDEX(title!$C$2:$C$2049,MATCH($E50,title!$C$2:$C$2049,0),1),"") | I50: =IFERROR(INDEX(title!$D$2:$D$2049,MATCH($E50,title!$C$2:$C$2049,0),1),"") | J50: =IFERROR(INDEX(title!$E$2:$E$2049,MATCH($E50,title!$C$2:$C$2049,0),1),"") | N50: =IF(AND(LENB(H50),0<H50,LENB(I50),0<I50),"●","") | O50: =IF(LENB(N50),COUNTIF(N$4:N50,"●"),"") | P50: =IF(AND(LENB(O50),LENB($B$4),LENB($B$5)),$B$4+$B$5*(O50),"") | Q50: =IF(LEN(G50),1,"") | R50: =IF(LEN(Q50),SUM($Q$4:Q50)-1,"") | S50: =IF(LENB($P50),IF(COUNTIF($B$34,"*[*"),REPLACE($B$34,FIND("[",$B$34),2,"["&$R50&"]"),$B$34),"") | T50: =IF(LENB($P50),$S50&"."&T$2&CHAR(9)&$B$8&" "&H50&$B$9&CHAR(9)&$B$7&T$3,"") | U50: =IF(LENB($P50),$S50&"."&U$2&CHAR(9)&$B$8&" "&I50&$B$9&CHAR(9)&$B$7&U$3,"") | V50: =IF(LENB($P50),$S50&"."&V$2&CHAR(9)&$B$8&" "&J50&$B$9&CHAR(9)&$B$7&V$3,"")
E51: 47 | F51: =IFERROR(INDEX(title!$A$2:$A$2049,MATCH($E51,title!$C$2:$C$2049,0),1),"") | G51: =IFERROR(INDEX(title!$B$2:$B$2049,MATCH($E51,title!$C$2:$C$2049,0),1),"") | H51: =IFERROR(INDEX(title!$C$2:$C$2049,MATCH($E51,title!$C$2:$C$2049,0),1),"") | I51: =IFERROR(INDEX(title!$D$2:$D$2049,MATCH($E51,title!$C$2:$C$2049,0),1),"") | J51: =IFERROR(INDEX(title!$E$2:$E$2049,MATCH($E51,title!$C$2:$C$2049,0),1),"") | N51: =IF(AND(LENB(H51),0<H51,LENB(I51),0<I51),"●","") | O51: =IF(LENB(N51),COUNTIF(N$4:N51,"●"),"") | P51: =IF(AND(LENB(O51),LENB($B$4),LENB($B$5)),$B$4+$B$5*(O51),"") | Q51: =IF(LEN(G51),1,"") | R51: =IF(LEN(Q51),SUM($Q$4:Q51)-1,"") | S51: =IF(LENB($P51),IF(COUNTIF($B$34,"*[*"),REPLACE($B$34,FIND("[",$B$34),2,"["&$R51&"]"),$B$34),"") | T51: =IF(LENB($P51),$S51&"."&T$2&CHAR(9)&$B$8&" "&H51&$B$9&CHAR(9)&$B$7&T$3,"") | U51: =IF(LENB($P51),$S51&"."&U$2&CHAR(9)&$B$8&" "&I51&$B$9&CHAR(9)&$B$7&U$3,"") | V51: =IF(LENB($P51),$S51&"."&V$2&CHAR(9)&$B$8&" "&J51&$B$9&CHAR(9)&$B$7&V$3,"")
E52: 48 | F52: =IFERROR(INDEX(title!$A$2:$A$2049,MATCH($E52,title!$C$2:$C$2049,0),1),"") | G52: =IFERROR(INDEX(title!$B$2:$B$2049,MATCH($E52,title!$C$2:$C$2049,0),1),"") | H52: =IFERROR(INDEX(title!$C$2:$C$2049,MATCH($E52,title!$C$2:$C$2049,0),1),"") | I52: =IFERROR(INDEX(title!$D$2:$D$2049,MATCH($E52,title!$C$2:$C$2049,0),1),"") | J52: =IFERROR(INDEX(title!$E$2:$E$2049,MATCH($E52,title!$C$2:$C$2049,0),1),"") | N52: =IF(AND(LENB(H52),0<H52,LENB(I52),0<I52),"●","") | O52: =IF(LENB(N52),COUNTIF(N$4:N52,"●"),"") | P52: =IF(AND(LENB(O52),LENB($B$4),LENB($B$5)),$B$4+$B$5*(O52),"") | Q52: =IF(LEN(G52),1,"") | R52: =IF(LEN(Q52),SUM($Q$4:Q52)-1,"") | S52: =IF(LENB($P52),IF(COUNTIF($B$34,"*[*"),REPLACE($B$34,FIND("[",$B$34),2,"["&$R52&"]"),$B$34),"") | T52: =IF(LENB($P52),$S52&"."&T$2&CHAR(9)&$B$8&" "&H52&$B$9&CHAR(9)&$B$7&T$3,"") | U52: =IF(LENB($P52),$S52&"."&U$2&CHAR(9)&$B$8&" "&I52&$B$9&CHAR(9)&$B$7&U$3,"") | V52: =IF(LENB($P52),$S52&"."&V$2&CHAR(9)&$B$8&" "&J52&$B$9&CHAR(9)&$B$7&V$3,"")
E53: 49 | F53: =IFERROR(INDEX(title!$A$2:$A$2049,MATCH($E53,title!$C$2:$C$2049,0),1),"") | G53: =IFERROR(INDEX(title!$B$2:$B$2049,MATCH($E53,title!$C$2:$C$2049,0),1),"") | H53: =IFERROR(INDEX(title!$C$2:$C$2049,MATCH($E53,title!$C$2:$C$2049,0),1),"") | I53: =IFERROR(INDEX(title!$D$2:$D$2049,MATCH($E53,title!$C$2:$C$2049,0),1),"") | J53: =IFERROR(INDEX(title!$E$2:$E$2049,MATCH($E53,title!$C$2:$C$2049,0),1),"") | N53: =IF(AND(LENB(H53),0<H53,LENB(I53),0<I53),"●","") | O53: =IF(LENB(N53),COUNTIF(N$4:N53,"●"),"") | P53: =IF(AND(LENB(O53),LENB($B$4),LENB($B$5)),$B$4+$B$5*(O53),"") | Q53: =IF(LEN(G53),1,"") | R53: =IF(LEN(Q53),SUM($Q$4:Q53)-1,"") | S53: =IF(LENB($P53),IF(COUNTIF($B$34,"*[*"),REPLACE($B$34,FIND("[",$B$34),2,"["&$R53&"]"),$B$34),"") | T53: =IF(LENB($P53),$S53&"."&T$2&CHAR(9)&$B$8&" "&H53&$B$9&CHAR(9)&$B$7&T$3,"") | U53: =IF(LENB($P53),$S53&"."&U$2&CHAR(9)&$B$8&" "&I53&$B$9&CHAR(9)&$B$7&U$3,"") | V53: =IF(LENB($P53),$S53&"."&V$2&CHAR(9)&$B$8&" "&J53&$B$9&CHAR(9)&$B$7&V$3,"")
E54: 50 | F54: =IFERROR(INDEX(title!$A$2:$A$2049,MATCH($E54,title!$C$2:$C$2049,0),1),"") | G54: =IFERROR(INDEX(title!$B$2:$B$2049,MATCH($E54,title!$C$2:$C$2049,0),1),"") | H54: =IFERROR(INDEX(title!$C$2:$C$2049,MATCH($E54,title!$C$2:$C$2049,0),1),"") | I54: =IFERROR(INDEX(title!$D$2:$D$2049,MATCH($E54,title!$C$2:$C$2049,0),1),"") | J54: =IFERROR(INDEX(title!$E$2:$E$2049,MATCH($E54,title!$C$2:$C$2049,0),1),"") | N54: =IF(AND(LENB(H54),0<H54,LENB(I54),0<I54),"●","") | O54: =IF(LENB(N54),COUNTIF(N$4:N54,"●"),"") | P54: =IF(AND(LENB(O54),LENB($B$4),LENB($B$5)),$B$4+$B$5*(O54),"") | Q54: =IF(LEN(G54),1,"") | R54: =IF(LEN(Q54),SUM($Q$4:Q54)-1,"") | S54: =IF(LENB($P54),IF(COUNTIF($B$34,"*[*"),REPLACE($B$34,FIND("[",$B$34),2,"["&$R54&"]"),$B$34),"") | T54: =IF(LENB($P54),$S54&"."&T$2&CHAR(9)&$B$8&" "&H54&$B$9&CHAR(9)&$B$7&T$3,"") | U54: =IF(LENB($P54),$S54&"."&U$2&CHAR(9)&$B$8&" "&I54&$B$9&CHAR(9)&$B$7&U$3,"") | V54: =IF(LENB($P54),$S54&"."&V$2&CHAR(9)&$B$8&" "&J54&$B$9&CHAR(9)&$B$7&V$3,"")
E55: 51 | F55: =IFERROR(INDEX(title!$A$2:$A$2049,MATCH($E55,title!$C$2:$C$2049,0),1),"") | G55: =IFERROR(INDEX(title!$B$2:$B$2049,MATCH($E55,title!$C$2:$C$2049,0),1),"") | H55: =IFERROR(INDEX(title!$C$2:$C$2049,MATCH($E55,title!$C$2:$C$2049,0),1),"") | I55: =IFERROR(INDEX(title!$D$2:$D$2049,MATCH($E55,title!$C$2:$C$2049,0),1),"") | J55: =IFERROR(INDEX(title!$E$2:$E$2049,MATCH($E55,title!$C$2:$C$2049,0),1),"") | N55: =IF(AND(LENB(H55),0<H55,LENB(I55),0<I55),"●","") | O55: =IF(LENB(N55),COUNTIF(N$4:N55,"●"),"") | P55: =IF(AND(LENB(O55),LENB($B$4),LENB($B$5)),$B$4+$B$5*(O55),"") | Q55: =IF(LEN(G55),1,"") | R55: =IF(LEN(Q55),SUM($Q$4:Q55)-1,"") | S55: =IF(LENB($P55),IF(COUNTIF($B$34,"*[*"),REPLACE($B$34,FIND("[",$B$34),2,"["&$R55&"]"),$B$34),"") | T55: =IF(LENB($P55),$S55&"."&T$2&CHAR(9)&$B$8&" "&H55&$B$9&CHAR(9)&$B$7&T$3,"") | U55: =IF(LENB($P55),$S55&"."&U$2&CHAR(9)&$B$8&" "&I55&$B$9&CHAR(9)&$B$7&U$3,"") | V55: =IF(LENB($P55),$S55&"."&V$2&CHAR(9)&$B$8&" "&J55&$B$9&CHAR(9)&$B$7&V$3,"")
E56: 52 | F56: =IFERROR(INDEX(title!$A$2:$A$2049,MATCH($E56,title!$C$2:$C$2049,0),1),"") | G56: =IFERROR(INDEX(title!$B$2:$B$2049,MATCH($E56,title!$C$2:$C$2049,0),1),"") | H56: =IFERROR(INDEX(title!$C$2:$C$2049,MATCH($E56,title!$C$2:$C$2049,0),1),"") | I56: =IFERROR(INDEX(title!$D$2:$D$2049,MATCH($E56,title!$C$2:$C$2049,0),1),"") | J56: =IFERROR(INDEX(title!$E$2:$E$2049,MATCH($E56,title!$C$2:$C$2049,0),1),"") | N56: =IF(AND(LENB(H56),0<H56,LENB(I56),0<I56),"●","") | O56: =IF(LENB(N56),COUNTIF(N$4:N56,"●"),"") | P56: =IF(AND(LENB(O56),LENB($B$4),LENB($B$5)),$B$4+$B$5*(O56),"") | Q56: =IF(LEN(G56),1,"") | R56: =IF(LEN(Q56),SUM($Q$4:Q56)-1,"") | S56: =IF(LENB($P56),IF(COUNTIF($B$34,"*[*"),REPLACE($B$34,FIND("[",$B$34),2,"["&$R56&"]"),$B$34),"") | T56: =IF(LENB($P56),$S56&"."&T$2&CHAR(9)&$B$8&" "&H56&$B$9&CHAR(9)&$B$7&T$3,"") | U56: =IF(LENB($P56),$S56&"."&U$2&CHAR(9)&$B$8&" "&I56&$B$9&CHAR(9)&$B$7&U$3,"") | V56: =IF(LENB($P56),$S56&"."&V$2&CHAR(9)&$B$8&" "&J56&$B$9&CHAR(9)&$B$7&V$3,"")
... E1003: 999 | F1003: =IFERROR(INDEX(title!$A$2:$A$2049,MATCH($E1003,title!$C$2:$C$2049,0),1),"") | G1003: =IFERROR(INDEX(title!$B$2:$B$2049,MATCH($E1003,title!$C$2:$C$2049,0),1),"") | H1003: =IFERROR(INDEX(title!$C$2:$C$2049,MATCH($E1003,title!$C$2:$C$2049,0),1),"") | I1003: =IFERROR(INDEX(title!$D$2:$D$2049,MATCH($E1003,title!$C$2:$C$2049,0),1),"") | J1003: =IFERROR(INDEX(title!$E$2:$E$2049,MATCH($E1003,title!$C$2:$C$2049,0),1),"") | N1003: =IF(AND(LENB(H1003),0<H1003,LENB(I1003),0<I1003),"●","") | O1003: =IF(LENB(N1003),COUNTIF(N$4:N1003,"●"),"") | P1003: =IF(AND(LENB(O1003),LENB($B$4),LENB($B$5)),$B$4+$B$5*(O1003),"") | Q1003: =IF(LEN(G1003),1,"") | R1003: =IF(LEN(Q1003),SUM($Q$4:Q1003)-1,"") | S1003: =IF(LENB($P1003),IF(COUNTIF($B$34,"*[*"),REPLACE($B$34,FIND("[",$B$34),2,"["&$R1003&"]"),$B$34),"") | T1003: =IF(LENB($P1003),$S1003&"."&T$2&CHAR(9)&$B$8&" "&H1003&$B$9&CHAR(9)&$B$7&T$3,"") | U1003: =IF(LENB($P1003),$S1003&"."&U$2&CHAR(9)&$B$8&" "&I1003&$B$9&CHAR(9)&$B$7&U$3,"") | V1003: =IF(LENB($P1003),$S1003&"."&V$2&CHAR(9)&$B$8&" "&J1003&$B$9&CHAR(9)&$B$7&V$3,"")
E1004: 1000 | F1004: =IFERROR(INDEX(title!$A$2:$A$2049,MATCH($E1004,title!$C$2:$C$2049,0),1),"") -> 0 | G1004: =IFERROR(INDEX(title!$B$2:$B$2049,MATCH($E1004,title!$C$2:$C$2049,0),1),"") -> 軸1 タイトル | H1004: =IFERROR(INDEX(title!$C$2:$C$2049,MATCH($E1004,title!$C$2:$C$2049,0),1),"") -> 1000 | I1004: =IFERROR(INDEX(title!$D$2:$D$2049,MATCH($E1004,title!$C$2:$C$2049,0),1),"") -> 800 | J1004: =IFERROR(INDEX(title!$E$2:$E$2049,MATCH($E1004,title!$C$2:$C$2049,0),1),"") -> 32 | N1004: =IF(AND(LENB(H1004),0<H1004,LENB(I1004),0<I1004),"●","") -> ● | O1004: =IF(LENB(N1004),COUNTIF(N$4:N1004,"●"),"") -> 1 | P1004: =IF(AND(LENB(O1004),LENB($B$4),LENB($B$5)),$B$4+$B$5*(O1004),"") -> 8264 | Q1004: =IF(LEN(G1004),1,"") -> 1 | R1004: =IF(LEN(Q1004),SUM($Q$4:Q1004)-1,"") -> 0 | S1004: =IF(LENB($P1004),IF(COUNTIF($B$34,"*[*"),REPLACE($B$34,FIND("[",$B$34),2,"["&$R1004&"]"),$B$34),"") -> astPuTW[0] | T1004: =IF(LENB($P1004),$S1004&"."&T$2&CHAR(9)&$B$8&" "&H1004&$B$9&CHAR(9)&$B$7&T$3,"") -> astPuTW[0].No := 1000; //ｳｨﾝﾄﾞｳNo. | U1004: =IF(LENB($P1004),$S1004&"."&U$2&CHAR(9)&$B$8&" "&I1004&$B$9&CHAR(9)&$B$7&U$3,"") -> astPuTW[0].Wide := 800; //ｳｨﾝﾄﾞｳ幅 | V1004: =IF(LENB($P1004),$S1004&"."&V$2&CHAR(9)&$B$8&" "&J1004&$B$9&CHAR(9)&$B$7&V$3,"") -> astPuTW[0].Height := 32; //ｳｨﾝﾄﾞｳ高さ | Z1004: //軸1 タイトル astPuTW[0].No := 1000; //ｳｨﾝﾄﾞｳNo. astPuTW[0].Wide := 800; //ｳｨﾝﾄﾞｳ幅 astPuTW[0].Height := 32; //ｳｨﾝﾄﾞｳ高さ
E1005: 1001 | F1005: =IFERROR(INDEX(title!$A$2:$A$2049,MATCH($E1005,title!$C$2:$C$2049,0),1),"") | G1005: =IFERROR(INDEX(title!$B$2:$B$2049,MATCH($E1005,title!$C$2:$C$2049,0),1),"") | H1005: =IFERROR(INDEX(title!$C$2:$C$2049,MATCH($E1005,title!$C$2:$C$2049,0),1),"") | I1005: =IFERROR(INDEX(title!$D$2:$D$2049,MATCH($E1005,title!$C$2:$C$2049,0),1),"") | J1005: =IFERROR(INDEX(title!$E$2:$E$2049,MATCH($E1005,title!$C$2:$C$2049,0),1),"") | N1005: =IF(AND(LENB(H1005),0<H1005,LENB(I1005),0<I1005),"●","") | O1005: =IF(LENB(N1005),COUNTIF(N$4:N1005,"●"),"") | P1005: =IF(AND(LENB(O1005),LENB($B$4),LENB($B$5)),$B$4+$B$5*(O1005),"") | Q1005: =IF(LEN(G1005),1,"") | R1005: =IF(LEN(Q1005),SUM($Q$4:Q1005)-1,"") | S1005: =IF(LENB($P1005),IF(COUNTIF($B$34,"*[*"),REPLACE($B$34,FIND("[",$B$34),2,"["&$R1005&"]"),$B$34),"") | T1005: =IF(LENB($P1005),$S1005&"."&T$2&CHAR(9)&$B$8&" "&H1005&$B$9&CHAR(9)&$B$7&T$3,"") | U1005: =IF(LENB($P1005),$S1005&"."&U$2&CHAR(9)&$B$8&" "&I1005&$B$9&CHAR(9)&$B$7&U$3,"") | V1005: =IF(LENB($P1005),$S1005&"."&V$2&CHAR(9)&$B$8&" "&J1005&$B$9&CHAR(9)&$B$7&V$3,"")
E1006: 1002 | F1006: =IFERROR(INDEX(title!$A$2:$A$2049,MATCH($E1006,title!$C$2:$C$2049,0),1),"") | G1006: =IFERROR(INDEX(title!$B$2:$B$2049,MATCH($E1006,title!$C$2:$C$2049,0),1),"") | H1006: =IFERROR(INDEX(title!$C$2:$C$2049,MATCH($E1006,title!$C$2:$C$2049,0),1),"") | I1006: =IFERROR(INDEX(title!$D$2:$D$2049,MATCH($E1006,title!$C$2:$C$2049,0),1),"") | J1006: =IFERROR(INDEX(title!$E$2:$E$2049,MATCH($E1006,title!$C$2:$C$2049,0),1),"") | N1006: =IF(AND(LENB(H1006),0<H1006,LENB(I1006),0<I1006),"●","") | O1006: =IF(LENB(N1006),COUNTIF(N$4:N1006,"●"),"") | P1006: =IF(AND(LENB(O1006),LENB($B$4),LENB($B$5)),$B$4+$B$5*(O1006),"") | Q1006: =IF(LEN(G1006),1,"") | R1006: =IF(LEN(Q1006),SUM($Q$4:Q1006)-1,"") | S1006: =IF(LENB($P1006),IF(COUNTIF($B$34,"*[*"),REPLACE($B$34,FIND("[",$B$34),2,"["&$R1006&"]"),$B$34),"") | T1006: =IF(LENB($P1006),$S1006&"."&T$2&CHAR(9)&$B$8&" "&H1006&$B$9&CHAR(9)&$B$7&T$3,"") | U1006: =IF(LENB($P1006),$S1006&"."&U$2&CHAR(9)&$B$8&" "&I1006&$B$9&CHAR(9)&$B$7&U$3,"") | V1006: =IF(LENB($P1006),$S1006&"."&V$2&CHAR(9)&$B$8&" "&J1006&$B$9&CHAR(9)&$B$7&V$3,"")
E1007: 1003 | F1007: =IFERROR(INDEX(title!$A$2:$A$2049,MATCH($E1007,title!$C$2:$C$2049,0),1),"") | G1007: =IFERROR(INDEX(title!$B$2:$B$2049,MATCH($E1007,title!$C$2:$C$2049,0),1),"") | H1007: =IFERROR(INDEX(title!$C$2:$C$2049,MATCH($E1007,title!$C$2:$C$2049,0),1),"") | I1007: =IFERROR(INDEX(title!$D$2:$D$2049,MATCH($E1007,title!$C$2:$C$2049,0),1),"") | J1007: =IFERROR(INDEX(title!$E$2:$E$2049,MATCH($E1007,title!$C$2:$C$2049,0),1),"") | N1007: =IF(AND(LENB(H1007),0<H1007,LENB(I1007),0<I1007),"●","") | O1007: =IF(LENB(N1007),COUNTIF(N$4:N1007,"●"),"") | P1007: =IF(AND(LENB(O1007),LENB($B$4),LENB($B$5)),$B$4+$B$5*(O1007),"") | Q1007: =IF(LEN(G1007),1,"") | R1007: =IF(LEN(Q1007),SUM($Q$4:Q1007)-1,"") | S1007: =IF(LENB($P1007),IF(COUNTIF($B$34,"*[*"),REPLACE($B$34,FIND("[",$B$34),2,"["&$R1007&"]"),$B$34),"") | T1007: =IF(LENB($P1007),$S1007&"."&T$2&CHAR(9)&$B$8&" "&H1007&$B$9&CHAR(9)&$B$7&T$3,"") | U1007: =IF(LENB($P1007),$S1007&"."&U$2&CHAR(9)&$B$8&" "&I1007&$B$9&CHAR(9)&$B$7&U$3,"") | V1007: =IF(LENB($P1007),$S1007&"."&V$2&CHAR(9)&$B$8&" "&J1007&$B$9&CHAR(9)&$B$7&V$3,"")
E1008: 1004 | F1008: =IFERROR(INDEX(title!$A$2:$A$2049,MATCH($E1008,title!$C$2:$C$2049,0),1),"") | G1008: =IFERROR(INDEX(title!$B$2:$B$2049,MATCH($E1008,title!$C$2:$C$2049,0),1),"") | H1008: =IFERROR(INDEX(title!$C$2:$C$2049,MATCH($E1008,title!$C$2:$C$2049,0),1),"") | I1008: =IFERROR(INDEX(title!$D$2:$D$2049,MATCH($E1008,title!$C$2:$C$2049,0),1),"") | J1008: =IFERROR(INDEX(title!$E$2:$E$2049,MATCH($E1008,title!$C$2:$C$2049,0),1),"") | N1008: =IF(AND(LENB(H1008),0<H1008,LENB(I1008),0<I1008),"●","") | O1008: =IF(LENB(N1008),COUNTIF(N$4:N1008,"●"),"") | P1008: =IF(AND(LENB(O1008),LENB($B$4),LENB($B$5)),$B$4+$B$5*(O1008),"") | Q1008: =IF(LEN(G1008),1,"") | R1008: =IF(LEN(Q1008),SUM($Q$4:Q1008)-1,"") | S1008: =IF(LENB($P1008),IF(COUNTIF($B$34,"*[*"),REPLACE($B$34,FIND("[",$B$34),2,"["&$R1008&"]"),$B$34),"") | T1008: =IF(LENB($P1008),$S1008&"."&T$2&CHAR(9)&$B$8&" "&H1008&$B$9&CHAR(9)&$B$7&T$3,"") | U1008: =IF(LENB($P1008),$S1008&"."&U$2&CHAR(9)&$B$8&" "&I1008&$B$9&CHAR(9)&$B$7&U$3,"") | V1008: =IF(LENB($P1008),$S1008&"."&V$2&CHAR(9)&$B$8&" "&J1008&$B$9&CHAR(9)&$B$7&V$3,"")
E1009: 1005 | F1009: =IFERROR(INDEX(title!$A$2:$A$2049,MATCH($E1009,title!$C$2:$C$2049,0),1),"") -> 1 | G1009: =IFERROR(INDEX(title!$B$2:$B$2049,MATCH($E1009,title!$C$2:$C$2049,0),1),"") -> 軸2 タイトル | H1009: =IFERROR(INDEX(title!$C$2:$C$2049,MATCH($E1009,title!$C$2:$C$2049,0),1),"") -> 1005 | I1009: =IFERROR(INDEX(title!$D$2:$D$2049,MATCH($E1009,title!$C$2:$C$2049,0),1),"") -> 800 | J1009: =IFERROR(INDEX(title!$E$2:$E$2049,MATCH($E1009,title!$C$2:$C$2049,0),1),"") -> 32 | N1009: =IF(AND(LENB(H1009),0<H1009,LENB(I1009),0<I1009),"●","") -> ● | O1009: =IF(LENB(N1009),COUNTIF(N$4:N1009,"●"),"") -> 2 | P1009: =IF(AND(LENB(O1009),LENB($B$4),LENB($B$5)),$B$4+$B$5*(O1009),"") -> 8268 | Q1009: =IF(LEN(G1009),1,"") -> 1 | R1009: =IF(LEN(Q1009),SUM($Q$4:Q1009)-1,"") -> 1 | S1009: =IF(LENB($P1009),IF(COUNTIF($B$34,"*[*"),REPLACE($B$34,FIND("[",$B$34),2,"["&$R1009&"]"),$B$34),"") -> astPuTW[1] | T1009: =IF(LENB($P1009),$S1009&"."&T$2&CHAR(9)&$B$8&" "&H1009&$B$9&CHAR(9)&$B$7&T$3,"") -> astPuTW[1].No := 1005; //ｳｨﾝﾄﾞｳNo. | U1009: =IF(LENB($P1009),$S1009&"."&U$2&CHAR(9)&$B$8&" "&I1009&$B$9&CHAR(9)&$B$7&U$3,"") -> astPuTW[1].Wide := 800; //ｳｨﾝﾄﾞｳ幅 | V1009: =IF(LENB($P1009),$S1009&"."&V$2&CHAR(9)&$B$8&" "&J1009&$B$9&CHAR(9)&$B$7&V$3,"") -> astPuTW[1].Height := 32; //ｳｨﾝﾄﾞｳ高さ | Z1009: //軸2 タイトル astPuTW[1].No := 1005; //ｳｨﾝﾄﾞｳNo. astPuTW[1].Wide := 800; //ｳｨﾝﾄﾞｳ幅 astPuTW[1].Height := 32; //ｳｨﾝﾄﾞｳ高さ
E1010: 1006 | F1010: =IFERROR(INDEX(title!$A$2:$A$2049,MATCH($E1010,title!$C$2:$C$2049,0),1),"") | G1010: =IFERROR(INDEX(title!$B$2:$B$2049,MATCH($E1010,title!$C$2:$C$2049,0),1),"") | H1010: =IFERROR(INDEX(title!$C$2:$C$2049,MATCH($E1010,title!$C$2:$C$2049,0),1),"") | I1010: =IFERROR(INDEX(title!$D$2:$D$2049,MATCH($E1010,title!$C$2:$C$2049,0),1),"") | J1010: =IFERROR(INDEX(title!$E$2:$E$2049,MATCH($E1010,title!$C$2:$C$2049,0),1),"") | N1010: =IF(AND(LENB(H1010),0<H1010,LENB(I1010),0<I1010),"●","") | O1010: =IF(LENB(N1010),COUNTIF(N$4:N1010,"●"),"") | P1010: =IF(AND(LENB(O1010),LENB($B$4),LENB($B$5)),$B$4+$B$5*(O1010),"") | Q1010: =IF(LEN(G1010),1,"") | R1010: =IF(LEN(Q1010),SUM($Q$4:Q1010)-1,"") | S1010: =IF(LENB($P1010),IF(COUNTIF($B$34,"*[*"),REPLACE($B$34,FIND("[",$B$34),2,"["&$R1010&"]"),$B$34),"") | T1010: =IF(LENB($P1010),$S1010&"."&T$2&CHAR(9)&$B$8&" "&H1010&$B$9&CHAR(9)&$B$7&T$3,"") | U1010: =IF(LENB($P1010),$S1010&"."&U$2&CHAR(9)&$B$8&" "&I1010&$B$9&CHAR(9)&$B$7&U$3,"") | V1010: =IF(LENB($P1010),$S1010&"."&V$2&CHAR(9)&$B$8&" "&J1010&$B$9&CHAR(9)&$B$7&V$3,"")
E1011: 1007 | F1011: =IFERROR(INDEX(title!$A$2:$A$2049,MATCH($E1011,title!$C$2:$C$2049,0),1),"") | G1011: =IFERROR(INDEX(title!$B$2:$B$2049,MATCH($E1011,title!$C$2:$C$2049,0),1),"") | H1011: =IFERROR(INDEX(title!$C$2:$C$2049,MATCH($E1011,title!$C$2:$C$2049,0),1),"") | I1011: =IFERROR(INDEX(title!$D$2:$D$2049,MATCH($E1011,title!$C$2:$C$2049,0),1),"") | J1011: =IFERROR(INDEX(title!$E$2:$E$2049,MATCH($E1011,title!$C$2:$C$2049,0),1),"") | N1011: =IF(AND(LENB(H1011),0<H1011,LENB(I1011),0<I1011),"●","") | O1011: =IF(LENB(N1011),COUNTIF(N$4:N1011,"●"),"") | P1011: =IF(AND(LENB(O1011),LENB($B$4),LENB($B$5)),$B$4+$B$5*(O1011),"") | Q1011: =IF(LEN(G1011),1,"") | R1011: =IF(LEN(Q1011),SUM($Q$4:Q1011)-1,"") | S1011: =IF(LENB($P1011),IF(COUNTIF($B$34,"*[*"),REPLACE($B$34,FIND("[",$B$34),2,"["&$R1011&"]"),$B$34),"") | T1011: =IF(LENB($P1011),$S1011&"."&T$2&CHAR(9)&$B$8&" "&H1011&$B$9&CHAR(9)&$B$7&T$3,"") | U1011: =IF(LENB($P1011),$S1011&"."&U$2&CHAR(9)&$B$8&" "&I1011&$B$9&CHAR(9)&$B$7&U$3,"") | V1011: =IF(LENB($P1011),$S1011&"."&V$2&CHAR(9)&$B$8&" "&J1011&$B$9&CHAR(9)&$B$7&V$3,"")
E1012: 1008 | F1012: =IFERROR(INDEX(title!$A$2:$A$2049,MATCH($E1012,title!$C$2:$C$2049,0),1),"") | G1012: =IFERROR(INDEX(title!$B$2:$B$2049,MATCH($E1012,title!$C$2:$C$2049,0),1),"") | H1012: =IFERROR(INDEX(title!$C$2:$C$2049,MATCH($E1012,title!$C$2:$C$2049,0),1),"") | I1012: =IFERROR(INDEX(title!$D$2:$D$2049,MATCH($E1012,title!$C$2:$C$2049,0),1),"") | J1012: =IFERROR(INDEX(title!$E$2:$E$2049,MATCH($E1012,title!$C$2:$C$2049,0),1),"") | N1012: =IF(AND(LENB(H1012),0<H1012,LENB(I1012),0<I1012),"●","") | O1012: =IF(LENB(N1012),COUNTIF(N$4:N1012,"●"),"") | P1012: =IF(AND(LENB(O1012),LENB($B$4),LENB($B$5)),$B$4+$B$5*(O1012),"") | Q1012: =IF(LEN(G1012),1,"") | R1012: =IF(LEN(Q1012),SUM($Q$4:Q1012)-1,"") | S1012: =IF(LENB($P1012),IF(COUNTIF($B$34,"*[*"),REPLACE($B$34,FIND("[",$B$34),2,"["&$R1012&"]"),$B$34),"") | T1012: =IF(LENB($P1012),$S1012&"."&T$2&CHAR(9)&$B$8&" "&H1012&$B$9&CHAR(9)&$B$7&T$3,"") | U1012: =IF(LENB($P1012),$S1012&"."&U$2&CHAR(9)&$B$8&" "&I1012&$B$9&CHAR(9)&$B$7&U$3,"") | V1012: =IF(LENB($P1012),$S1012&"."&V$2&CHAR(9)&$B$8&" "&J1012&$B$9&CHAR(9)&$B$7&V$3,"")
E1013: 1009 | F1013: =IFERROR(INDEX(title!$A$2:$A$2049,MATCH($E1013,title!$C$2:$C$2049,0),1),"") | G1013: =IFERROR(INDEX(title!$B$2:$B$2049,MATCH($E1013,title!$C$2:$C$2049,0),1),"") | H1013: =IFERROR(INDEX(title!$C$2:$C$2049,MATCH($E1013,title!$C$2:$C$2049,0),1),"") | I1013: =IFERROR(INDEX(title!$D$2:$D$2049,MATCH($E1013,title!$C$2:$C$2049,0),1),"") | J1013: =IFERROR(INDEX(title!$E$2:$E$2049,MATCH($E1013,title!$C$2:$C$2049,0),1),"") | N1013: =IF(AND(LENB(H1013),0<H1013,LENB(I1013),0<I1013),"●","") | O1013: =IF(LENB(N1013),COUNTIF(N$4:N1013,"●"),"") | P1013: =IF(AND(LENB(O1013),LENB($B$4),LENB($B$5)),$B$4+$B$5*(O1013),"") | Q1013: =IF(LEN(G1013),1,"") | R1013: =IF(LEN(Q1013),SUM($Q$4:Q1013)-1,"") | S1013: =IF(LENB($P1013),IF(COUNTIF($B$34,"*[*"),REPLACE($B$34,FIND("[",$B$34),2,"["&$R1013&"]"),$B$34),"") | T1013: =IF(LENB($P1013),$S1013&"."&T$2&CHAR(9)&$B$8&" "&H1013&$B$9&CHAR(9)&$B$7&T$3,"") | U1013: =IF(LENB($P1013),$S1013&"."&U$2&CHAR(9)&$B$8&" "&I1013&$B$9&CHAR(9)&$B$7&U$3,"") | V1013: =IF(LENB($P1013),$S1013&"."&V$2&CHAR(9)&$B$8&" "&J1013&$B$9&CHAR(9)&$B$7&V$3,"")
E1014: 1010 | F1014: =IFERROR(INDEX(title!$A$2:$A$2049,MATCH($E1014,title!$C$2:$C$2049,0),1),"") -> 2 | G1014: =IFERROR(INDEX(title!$B$2:$B$2049,MATCH($E1014,title!$C$2:$C$2049,0),1),"") -> 軸3 タイトル | H1014: =IFERROR(INDEX(title!$C$2:$C$2049,MATCH($E1014,title!$C$2:$C$2049,0),1),"") -> 1010 | I1014: =IFERROR(INDEX(title!$D$2:$D$2049,MATCH($E1014,title!$C$2:$C$2049,0),1),"") -> 800 | J1014: =IFERROR(INDEX(title!$E$2:$E$2049,MATCH($E1014,title!$C$2:$C$2049,0),1),"") -> 32 | N1014: =IF(AND(LENB(H1014),0<H1014,LENB(I1014),0<I1014),"●","") -> ● | O1014: =IF(LENB(N1014),COUNTIF(N$4:N1014,"●"),"") -> 3 | P1014: =IF(AND(LENB(O1014),LENB($B$4),LENB($B$5)),$B$4+$B$5*(O1014),"") -> 8272 | Q1014: =IF(LEN(G1014),1,"") -> 1 | R1014: =IF(LEN(Q1014),SUM($Q$4:Q1014)-1,"") -> 2 | S1014: =IF(LENB($P1014),IF(COUNTIF($B$34,"*[*"),REPLACE($B$34,FIND("[",$B$34),2,"["&$R1014&"]"),$B$34),"") -> astPuTW[2] | T1014: =IF(LENB($P1014),$S1014&"."&T$2&CHAR(9)&$B$8&" "&H1014&$B$9&CHAR(9)&$B$7&T$3,"") -> astPuTW[2].No := 1010; //ｳｨﾝﾄﾞｳNo. | U1014: =IF(LENB($P1014),$S1014&"."&U$2&CHAR(9)&$B$8&" "&I1014&$B$9&CHAR(9)&$B$7&U$3,"") -> astPuTW[2].Wide := 800; //ｳｨﾝﾄﾞｳ幅 | V1014: =IF(LENB($P1014),$S1014&"."&V$2&CHAR(9)&$B$8&" "&J1014&$B$9&CHAR(9)&$B$7&V$3,"") -> astPuTW[2].Height := 32; //ｳｨﾝﾄﾞｳ高さ | Z1014: //軸3 タイトル astPuTW[2].No := 1010; //ｳｨﾝﾄﾞｳNo. astPuTW[2].Wide := 800; //ｳｨﾝﾄﾞｳ幅 astPuTW[2].Height := 32; //ｳｨﾝﾄﾞｳ高さ
E1015: 1011 | F1015: =IFERROR(INDEX(title!$A$2:$A$2049,MATCH($E1015,title!$C$2:$C$2049,0),1),"") | G1015: =IFERROR(INDEX(title!$B$2:$B$2049,MATCH($E1015,title!$C$2:$C$2049,0),1),"") | H1015: =IFERROR(INDEX(title!$C$2:$C$2049,MATCH($E1015,title!$C$2:$C$2049,0),1),"") | I1015: =IFERROR(INDEX(title!$D$2:$D$2049,MATCH($E1015,title!$C$2:$C$2049,0),1),"") | J1015: =IFERROR(INDEX(title!$E$2:$E$2049,MATCH($E1015,title!$C$2:$C$2049,0),1),"") | N1015: =IF(AND(LENB(H1015),0<H1015,LENB(I1015),0<I1015),"●","") | O1015: =IF(LENB(N1015),COUNTIF(N$4:N1015,"●"),"") | P1015: =IF(AND(LENB(O1015),LENB($B$4),LENB($B$5)),$B$4+$B$5*(O1015),"") | Q1015: =IF(LEN(G1015),1,"") | R1015: =IF(LEN(Q1015),SUM($Q$4:Q1015)-1,"") | S1015: =IF(LENB($P1015),IF(COUNTIF($B$34,"*[*"),REPLACE($B$34,FIND("[",$B$34),2,"["&$R1015&"]"),$B$34),"") | T1015: =IF(LENB($P1015),$S1015&"."&T$2&CHAR(9)&$B$8&" "&H1015&$B$9&CHAR(9)&$B$7&T$3,"") | U1015: =IF(LENB($P1015),$S1015&"."&U$2&CHAR(9)&$B$8&" "&I1015&$B$9&CHAR(9)&$B$7&U$3,"") | V1015: =IF(LENB($P1015),$S1015&"."&V$2&CHAR(9)&$B$8&" "&J1015&$B$9&CHAR(9)&$B$7&V$3,"")
E1016: 1012 | F1016: =IFERROR(INDEX(title!$A$2:$A$2049,MATCH($E1016,title!$C$2:$C$2049,0),1),"") | G1016: =IFERROR(INDEX(title!$B$2:$B$2049,MATCH($E1016,title!$C$2:$C$2049,0),1),"") | H1016: =IFERROR(INDEX(title!$C$2:$C$2049,MATCH($E1016,title!$C$2:$C$2049,0),1),"") | I1016: =IFERROR(INDEX(title!$D$2:$D$2049,MATCH($E1016,title!$C$2:$C$2049,0),1),"") | J1016: =IFERROR(INDEX(title!$E$2:$E$2049,MATCH($E1016,title!$C$2:$C$2049,0),1),"") | N1016: =IF(AND(LENB(H1016),0<H1016,LENB(I1016),0<I1016),"●","") | O1016: =IF(LENB(N1016),COUNTIF(N$4:N1016,"●"),"") | P1016: =IF(AND(LENB(O1016),LENB($B$4),LENB($B$5)),$B$4+$B$5*(O1016),"") | Q1016: =IF(LEN(G1016),1,"") | R1016: =IF(LEN(Q1016),SUM($Q$4:Q1016)-1,"") | S1016: =IF(LENB($P1016),IF(COUNTIF($B$34,"*[*"),REPLACE($B$34,FIND("[",$B$34),2,"["&$R1016&"]"),$B$34),"") | T1016: =IF(LENB($P1016),$S1016&"."&T$2&CHAR(9)&$B$8&" "&H1016&$B$9&CHAR(9)&$B$7&T$3,"") | U1016: =IF(LENB($P1016),$S1016&"."&U$2&CHAR(9)&$B$8&" "&I1016&$B$9&CHAR(9)&$B$7&U$3,"") | V1016: =IF(LENB($P1016),$S1016&"."&V$2&CHAR(9)&$B$8&" "&J1016&$B$9&CHAR(9)&$B$7&V$3,"")
E1017: 1013 | F1017: =IFERROR(INDEX(title!$A$2:$A$2049,MATCH($E1017,title!$C$2:$C$2049,0),1),"") | G1017: =IFERROR(INDEX(title!$B$2:$B$2049,MATCH($E1017,title!$C$2:$C$2049,0),1),"") | H1017: =IFERROR(INDEX(title!$C$2:$C$2049,MATCH($E1017,title!$C$2:$C$2049,0),1),"") | I1017: =IFERROR(INDEX(title!$D$2:$D$2049,MATCH($E1017,title!$C$2:$C$2049,0),1),"") | J1017: =IFERROR(INDEX(title!$E$2:$E$2049,MATCH($E1017,title!$C$2:$C$2049,0),1),"") | N1017: =IF(AND(LENB(H1017),0<H1017,LENB(I1017),0<I1017),"●","") | O1017: =IF(LENB(N1017),COUNTIF(N$4:N1017,"●"),"") | P1017: =IF(AND(LENB(O1017),LENB($B$4),LENB($B$5)),$B$4+$B$5*(O1017),"") | Q1017: =IF(LEN(G1017),1,"") | R1017: =IF(LEN(Q1017),SUM($Q$4:Q1017)-1,"") | S1017: =IF(LENB($P1017),IF(COUNTIF($B$34,"*[*"),REPLACE($B$34,FIND("[",$B$34),2,"["&$R1017&"]"),$B$34),"") | T1017: =IF(LENB($P1017),$S1017&"."&T$2&CHAR(9)&$B$8&" "&H1017&$B$9&CHAR(9)&$B$7&T$3,"") | U1017: =IF(LENB($P1017),$S1017&"."&U$2&CHAR(9)&$B$8&" "&I1017&$B$9&CHAR(9)&$B$7&U$3,"") | V1017: =IF(LENB($P1017),$S1017&"."&V$2&CHAR(9)&$B$8&" "&J1017&$B$9&CHAR(9)&$B$7&V$3,"")
E1018: 1014 | F1018: =IFERROR(INDEX(title!$A$2:$A$2049,MATCH($E1018,title!$C$2:$C$2049,0),1),"") | G1018: =IFERROR(INDEX(title!$B$2:$B$2049,MATCH($E1018,title!$C$2:$C$2049,0),1),"") | H1018: =IFERROR(INDEX(title!$C$2:$C$2049,MATCH($E1018,title!$C$2:$C$2049,0),1),"") | I1018: =IFERROR(INDEX(title!$D$2:$D$2049,MATCH($E1018,title!$C$2:$C$2049,0),1),"") | J1018: =IFERROR(INDEX(title!$E$2:$E$2049,MATCH($E1018,title!$C$2:$C$2049,0),1),"") | N1018: =IF(AND(LENB(H1018),0<H1018,LENB(I1018),0<I1018),"●","") | O1018: =IF(LENB(N1018),COUNTIF(N$4:N1018,"●"),"") | P1018: =IF(AND(LENB(O1018),LENB($B$4),LENB($B$5)),$B$4+$B$5*(O1018),"") | Q1018: =IF(LEN(G1018),1,"") | R1018: =IF(LEN(Q1018),SUM($Q$4:Q1018)-1,"") | S1018: =IF(LENB($P1018),IF(COUNTIF($B$34,"*[*"),REPLACE($B$34,FIND("[",$B$34),2,"["&$R1018&"]"),$B$34),"") | T1018: =IF(LENB($P1018),$S1018&"."&T$2&CHAR(9)&$B$8&" "&H1018&$B$9&CHAR(9)&$B$7&T$3,"") | U1018: =IF(LENB($P1018),$S1018&"."&U$2&CHAR(9)&$B$8&" "&I1018&$B$9&CHAR(9)&$B$7&U$3,"") | V1018: =IF(LENB($P1018),$S1018&"."&V$2&CHAR(9)&$B$8&" "&J1018&$B$9&CHAR(9)&$B$7&V$3,"")
E1019: 1015 | F1019: =IFERROR(INDEX(title!$A$2:$A$2049,MATCH($E1019,title!$C$2:$C$2049,0),1),"") -> 3 | G1019: =IFERROR(INDEX(title!$B$2:$B$2049,MATCH($E1019,title!$C$2:$C$2049,0),1),"") -> 軸4 タイトル | H1019: =IFERROR(INDEX(title!$C$2:$C$2049,MATCH($E1019,title!$C$2:$C$2049,0),1),"") -> 1015 | I1019: =IFERROR(INDEX(title!$D$2:$D$2049,MATCH($E1019,title!$C$2:$C$2049,0),1),"") -> 800 | J1019: =IFERROR(INDEX(title!$E$2:$E$2049,MATCH($E1019,title!$C$2:$C$2049,0),1),"") -> 32 | N1019: =IF(AND(LENB(H1019),0<H1019,LENB(I1019),0<I1019),"●","") -> ● | O1019: =IF(LENB(N1019),COUNTIF(N$4:N1019,"●"),"") -> 4 | P1019: =IF(AND(LENB(O1019),LENB($B$4),LENB($B$5)),$B$4+$B$5*(O1019),"") -> 8276 | Q1019: =IF(LEN(G1019),1,"") -> 1 | R1019: =IF(LEN(Q1019),SUM($Q$4:Q1019)-1,"") -> 3 | S1019: =IF(LENB($P1019),IF(COUNTIF($B$34,"*[*"),REPLACE($B$34,FIND("[",$B$34),2,"["&$R1019&"]"),$B$34),"") -> astPuTW[3] | T1019: =IF(LENB($P1019),$S1019&"."&T$2&CHAR(9)&$B$8&" "&H1019&$B$9&CHAR(9)&$B$7&T$3,"") -> astPuTW[3].No := 1015; //ｳｨﾝﾄﾞｳNo. | U1019: =IF(LENB($P1019),$S1019&"."&U$2&CHAR(9)&$B$8&" "&I1019&$B$9&CHAR(9)&$B$7&U$3,"") -> astPuTW[3].Wide := 800; //ｳｨﾝﾄﾞｳ幅 | V1019: =IF(LENB($P1019),$S1019&"."&V$2&CHAR(9)&$B$8&" "&J1019&$B$9&CHAR(9)&$B$7&V$3,"") -> astPuTW[3].Height := 32; //ｳｨﾝﾄﾞｳ高さ | Z1019: //軸4 タイトル astPuTW[3].No := 1015; //ｳｨﾝﾄﾞｳNo. astPuTW[3].Wide := 800; //ｳｨﾝﾄﾞｳ幅 astPuTW[3].Height := 32; //ｳｨﾝﾄﾞｳ高さ
E1020: 1016 | F1020: =IFERROR(INDEX(title!$A$2:$A$2049,MATCH($E1020,title!$C$2:$C$2049,0),1),"") | G1020: =IFERROR(INDEX(title!$B$2:$B$2049,MATCH($E1020,title!$C$2:$C$2049,0),1),"") | H1020: =IFERROR(INDEX(title!$C$2:$C$2049,MATCH($E1020,title!$C$2:$C$2049,0),1),"") | I1020: =IFERROR(INDEX(title!$D$2:$D$2049,MATCH($E1020,title!$C$2:$C$2049,0),1),"") | J1020: =IFERROR(INDEX(title!$E$2:$E$2049,MATCH($E1020,title!$C$2:$C$2049,0),1),"") | N1020: =IF(AND(LENB(H1020),0<H1020,LENB(I1020),0<I1020),"●","") | O1020: =IF(LENB(N1020),COUNTIF(N$4:N1020,"●"),"") | P1020: =IF(AND(LENB(O1020),LENB($B$4),LENB($B$5)),$B$4+$B$5*(O1020),"") | Q1020: =IF(LEN(G1020),1,"") | R1020: =IF(LEN(Q1020),SUM($Q$4:Q1020)-1,"") | S1020: =IF(LENB($P1020),IF(COUNTIF($B$34,"*[*"),REPLACE($B$34,FIND("[",$B$34),2,"["&$R1020&"]"),$B$34),"") | T1020: =IF(LENB($P1020),$S1020&"."&T$2&CHAR(9)&$B$8&" "&H1020&$B$9&CHAR(9)&$B$7&T$3,"") | U1020: =IF(LENB($P1020),$S1020&"."&U$2&CHAR(9)&$B$8&" "&I1020&$B$9&CHAR(9)&$B$7&U$3,"") | V1020: =IF(LENB($P1020),$S1020&"."&V$2&CHAR(9)&$B$8&" "&J1020&$B$9&CHAR(9)&$B$7&V$3,"")
E1021: 1017 | F1021: =IFERROR(INDEX(title!$A$2:$A$2049,MATCH($E1021,title!$C$2:$C$2049,0),1),"") | G1021: =IFERROR(INDEX(title!$B$2:$B$2049,MATCH($E1021,title!$C$2:$C$2049,0),1),"") | H1021: =IFERROR(INDEX(title!$C$2:$C$2049,MATCH($E1021,title!$C$2:$C$2049,0),1),"") | I1021: =IFERROR(INDEX(title!$D$2:$D$2049,MATCH($E1021,title!$C$2:$C$2049,0),1),"") | J1021: =IFERROR(INDEX(title!$E$2:$E$2049,MATCH($E1021,title!$C$2:$C$2049,0),1),"") | N1021: =IF(AND(LENB(H1021),0<H1021,LENB(I1021),0<I1021),"●","") | O1021: =IF(LENB(N1021),COUNTIF(N$4:N1021,"●"),"") | P1021: =IF(AND(LENB(O1021),LENB($B$4),LENB($B$5)),$B$4+$B$5*(O1021),"") | Q1021: =IF(LEN(G1021),1,"") | R1021: =IF(LEN(Q1021),SUM($Q$4:Q1021)-1,"") | S1021: =IF(LENB($P1021),IF(COUNTIF($B$34,"*[*"),REPLACE($B$34,FIND("[",$B$34),2,"["&$R1021&"]"),$B$34),"") | T1021: =IF(LENB($P1021),$S1021&"."&T$2&CHAR(9)&$B$8&" "&H1021&$B$9&CHAR(9)&$B$7&T$3,"") | U1021: =IF(LENB($P1021),$S1021&"."&U$2&CHAR(9)&$B$8&" "&I1021&$B$9&CHAR(9)&$B$7&U$3,"") | V1021: =IF(LENB($P1021),$S1021&"."&V$2&CHAR(9)&$B$8&" "&J1021&$B$9&CHAR(9)&$B$7&V$3,"")
E1022: 1018 | F1022: =IFERROR(INDEX(title!$A$2:$A$2049,MATCH($E1022,title!$C$2:$C$2049,0),1),"") | G1022: =IFERROR(INDEX(title!$B$2:$B$2049,MATCH($E1022,title!$C$2:$C$2049,0),1),"") | H1022: =IFERROR(INDEX(title!$C$2:$C$2049,MATCH($E1022,title!$C$2:$C$2049,0),1),"") | I1022: =IFERROR(INDEX(title!$D$2:$D$2049,MATCH($E1022,title!$C$2:$C$2049,0),1),"") | J1022: =IFERROR(INDEX(title!$E$2:$E$2049,MATCH($E1022,title!$C$2:$C$2049,0),1),"") | N1022: =IF(AND(LENB(H1022),0<H1022,LENB(I1022),0<I1022),"●","") | O1022: =IF(LENB(N1022),COUNTIF(N$4:N1022,"●"),"") | P1022: =IF(AND(LENB(O1022),LENB($B$4),LENB($B$5)),$B$4+$B$5*(O1022),"") | Q1022: =IF(LEN(G1022),1,"") | R1022: =IF(LEN(Q1022),SUM($Q$4:Q1022)-1,"") | S1022: =IF(LENB($P1022),IF(COUNTIF($B$34,"*[*"),REPLACE($B$34,FIND("[",$B$34),2,"["&$R1022&"]"),$B$34),"") | T1022: =IF(LENB($P1022),$S1022&"."&T$2&CHAR(9)&$B$8&" "&H1022&$B$9&CHAR(9)&$B$7&T$3,"") | U1022: =IF(LENB($P1022),$S1022&"."&U$2&CHAR(9)&$B$8&" "&I1022&$B$9&CHAR(9)&$B$7&U$3,"") | V1022: =IF(LENB($P1022),$S1022&"."&V$2&CHAR(9)&$B$8&" "&J1022&$B$9&CHAR(9)&$B$7&V$3,"")
E1023: 1019 | F1023: =IFERROR(INDEX(title!$A$2:$A$2049,MATCH($E1023,title!$C$2:$C$2049,0),1),"") | G1023: =IFERROR(INDEX(title!$B$2:$B$2049,MATCH($E1023,title!$C$2:$C$2049,0),1),"") | H1023: =IFERROR(INDEX(title!$C$2:$C$2049,MATCH($E1023,title!$C$2:$C$2049,0),1),"") | I1023: =IFERROR(INDEX(title!$D$2:$D$2049,MATCH($E1023,title!$C$2:$C$2049,0),1),"") | J1023: =IFERROR(INDEX(title!$E$2:$E$2049,MATCH($E1023,title!$C$2:$C$2049,0),1),"") | N1023: =IF(AND(LENB(H1023),0<H1023,LENB(I1023),0<I1023),"●","") | O1023: =IF(LENB(N1023),COUNTIF(N$4:N1023,"●"),"") | P1023: =IF(AND(LENB(O1023),LENB($B$4),LENB($B$5)),$B$4+$B$5*(O1023),"") | Q1023: =IF(LEN(G1023),1,"") | R1023: =IF(LEN(Q1023),SUM($Q$4:Q1023)-1,"") | S1023: =IF(LENB($P1023),IF(COUNTIF($B$34,"*[*"),REPLACE($B$34,FIND("[",$B$34),2,"["&$R1023&"]"),$B$34),"") | T1023: =IF(LENB($P1023),$S1023&"."&T$2&CHAR(9)&$B$8&" "&H1023&$B$9&CHAR(9)&$B$7&T$3,"") | U1023: =IF(LENB($P1023),$S1023&"."&U$2&CHAR(9)&$B$8&" "&I1023&$B$9&CHAR(9)&$B$7&U$3,"") | V1023: =IF(LENB($P1023),$S1023&"."&V$2&CHAR(9)&$B$8&" "&J1023&$B$9&CHAR(9)&$B$7&V$3,"")
E1024: 1020 | F1024: =IFERROR(INDEX(title!$A$2:$A$2049,MATCH($E1024,title!$C$2:$C$2049,0),1),"") -> 4 | G1024: =IFERROR(INDEX(title!$B$2:$B$2049,MATCH($E1024,title!$C$2:$C$2049,0),1),"") -> 軸5 タイトル | H1024: =IFERROR(INDEX(title!$C$2:$C$2049,MATCH($E1024,title!$C$2:$C$2049,0),1),"") -> 1020 | I1024: =IFERROR(INDEX(title!$D$2:$D$2049,MATCH($E1024,title!$C$2:$C$2049,0),1),"") -> 800 | J1024: =IFERROR(INDEX(title!$E$2:$E$2049,MATCH($E1024,title!$C$2:$C$2049,0),1),"") -> 32 | N1024: =IF(AND(LENB(H1024),0<H1024,LENB(I1024),0<I1024),"●","") -> ● | O1024: =IF(LENB(N1024),COUNTIF(N$4:N1024,"●"),"") -> 5 | P1024: =IF(AND(LENB(O1024),LENB($B$4),LENB($B$5)),$B$4+$B$5*(O1024),"") -> 8280 | Q1024: =IF(LEN(G1024),1,"") -> 1 | R1024: =IF(LEN(Q1024),SUM($Q$4:Q1024)-1,"") -> 4 | S1024: =IF(LENB($P1024),IF(COUNTIF($B$34,"*[*"),REPLACE($B$34,FIND("[",$B$34),2,"["&$R1024&"]"),$B$34),"") -> astPuTW[4] | T1024: =IF(LENB($P1024),$S1024&"."&T$2&CHAR(9)&$B$8&" "&H1024&$B$9&CHAR(9)&$B$7&T$3,"") -> astPuTW[4].No := 1020; //ｳｨﾝﾄﾞｳNo. | U1024: =IF(LENB($P1024),$S1024&"."&U$2&CHAR(9)&$B$8&" "&I1024&$B$9&CHAR(9)&$B$7&U$3,"") -> astPuTW[4].Wide := 800; //ｳｨﾝﾄﾞｳ幅 | V1024: =IF(LENB($P1024),$S1024&"."&V$2&CHAR(9)&$B$8&" "&J1024&$B$9&CHAR(9)&$B$7&V$3,"") -> astPuTW[4].Height := 32; //ｳｨﾝﾄﾞｳ高さ | Z1024: //軸5 タイトル astPuTW[4].No := 1020; //ｳｨﾝﾄﾞｳNo. astPuTW[4].Wide := 800; //ｳｨﾝﾄﾞｳ幅 astPuTW[4].Height := 32; //ｳｨﾝﾄﾞｳ高さ
E1025: 1021 | F1025: =IFERROR(INDEX(title!$A$2:$A$2049,MATCH($E1025,title!$C$2:$C$2049,0),1),"") | G1025: =IFERROR(INDEX(title!$B$2:$B$2049,MATCH($E1025,title!$C$2:$C$2049,0),1),"") | H1025: =IFERROR(INDEX(title!$C$2:$C$2049,MATCH($E1025,title!$C$2:$C$2049,0),1),"") | I1025: =IFERROR(INDEX(title!$D$2:$D$2049,MATCH($E1025,title!$C$2:$C$2049,0),1),"") | J1025: =IFERROR(INDEX(title!$E$2:$E$2049,MATCH($E1025,title!$C$2:$C$2049,0),1),"") | N1025: =IF(AND(LENB(H1025),0<H1025,LENB(I1025),0<I1025),"●","") | O1025: =IF(LENB(N1025),COUNTIF(N$4:N1025,"●"),"") | P1025: =IF(AND(LENB(O1025),LENB($B$4),LENB($B$5)),$B$4+$B$5*(O1025),"") | Q1025: =IF(LEN(G1025),1,"") | R1025: =IF(LEN(Q1025),SUM($Q$4:Q1025)-1,"") | S1025: =IF(LENB($P1025),IF(COUNTIF($B$34,"*[*"),REPLACE($B$34,FIND("[",$B$34),2,"["&$R1025&"]"),$B$34),"") | T1025: =IF(LENB($P1025),$S1025&"."&T$2&CHAR(9)&$B$8&" "&H1025&$B$9&CHAR(9)&$B$7&T$3,"") | U1025: =IF(LENB($P1025),$S1025&"."&U$2&CHAR(9)&$B$8&" "&I1025&$B$9&CHAR(9)&$B$7&U$3,"") | V1025: =IF(LENB($P1025),$S1025&"."&V$2&CHAR(9)&$B$8&" "&J1025&$B$9&CHAR(9)&$B$7&V$3,"")
E1026: 1022 | F1026: =IFERROR(INDEX(title!$A$2:$A$2049,MATCH($E1026,title!$C$2:$C$2049,0),1),"") | G1026: =IFERROR(INDEX(title!$B$2:$B$2049,MATCH($E1026,title!$C$2:$C$2049,0),1),"") | H1026: =IFERROR(INDEX(title!$C$2:$C$2049,MATCH($E1026,title!$C$2:$C$2049,0),1),"") | I1026: =IFERROR(INDEX(title!$D$2:$D$2049,MATCH($E1026,title!$C$2:$C$2049,0),1),"") | J1026: =IFERROR(INDEX(title!$E$2:$E$2049,MATCH($E1026,title!$C$2:$C$2049,0),1),"") | N1026: =IF(AND(LENB(H1026),0<H1026,LENB(I1026),0<I1026),"●","") | O1026: =IF(LENB(N1026),COUNTIF(N$4:N1026,"●"),"") | P1026: =IF(AND(LENB(O1026),LENB($B$4),LENB($B$5)),$B$4+$B$5*(O1026),"") | Q1026: =IF(LEN(G1026),1,"") | R1026: =IF(LEN(Q1026),SUM($Q$4:Q1026)-1,"") | S1026: =IF(LENB($P1026),IF(COUNTIF($B$34,"*[*"),REPLACE($B$34,FIND("[",$B$34),2,"["&$R1026&"]"),$B$34),"") | T1026: =IF(LENB($P1026),$S1026&"."&T$2&CHAR(9)&$B$8&" "&H1026&$B$9&CHAR(9)&$B$7&T$3,"") | U1026: =IF(LENB($P1026),$S1026&"."&U$2&CHAR(9)&$B$8&" "&I1026&$B$9&CHAR(9)&$B$7&U$3,"") | V1026: =IF(LENB($P1026),$S1026&"."&V$2&CHAR(9)&$B$8&" "&J1026&$B$9&CHAR(9)&$B$7&V$3,"")
E1027: 1023 | F1027: =IFERROR(INDEX(title!$A$2:$A$2049,MATCH($E1027,title!$C$2:$C$2049,0),1),"") | G1027: =IFERROR(INDEX(title!$B$2:$B$2049,MATCH($E1027,title!$C$2:$C$2049,0),1),"") | H1027: =IFERROR(INDEX(title!$C$2:$C$2049,MATCH($E1027,title!$C$2:$C$2049,0),1),"") | I1027: =IFERROR(INDEX(title!$D$2:$D$2049,MATCH($E1027,title!$C$2:$C$2049,0),1),"") | J1027: =IFERROR(INDEX(title!$E$2:$E$2049,MATCH($E1027,title!$C$2:$C$2049,0),1),"") | N1027: =IF(AND(LENB(H1027),0<H1027,LENB(I1027),0<I1027),"●","") | O1027: =IF(LENB(N1027),COUNTIF(N$4:N1027,"●"),"") | P1027: =IF(AND(LENB(O1027),LENB($B$4),LENB($B$5)),$B$4+$B$5*(O1027),"") | Q1027: =IF(LEN(G1027),1,"") | R1027: =IF(LEN(Q1027),SUM($Q$4:Q1027)-1,"") | S1027: =IF(LENB($P1027),IF(COUNTIF($B$34,"*[*"),REPLACE($B$34,FIND("[",$B$34),2,"["&$R1027&"]"),$B$34),"") | T1027: =IF(LENB($P1027),$S1027&"."&T$2&CHAR(9)&$B$8&" "&H1027&$B$9&CHAR(9)&$B$7&T$3,"") | U1027: =IF(LENB($P1027),$S1027&"."&U$2&CHAR(9)&$B$8&" "&I1027&$B$9&CHAR(9)&$B$7&U$3,"") | V1027: =IF(LENB($P1027),$S1027&"."&V$2&CHAR(9)&$B$8&" "&J1027&$B$9&CHAR(9)&$B$7&V$3,"")
E1028: 1024 | F1028: =IFERROR(INDEX(title!$A$2:$A$2049,MATCH($E1028,title!$C$2:$C$2049,0),1),"") | G1028: =IFERROR(INDEX(title!$B$2:$B$2049,MATCH($E1028,title!$C$2:$C$2049,0),1),"") | H1028: =IFERROR(INDEX(title!$C$2:$C$2049,MATCH($E1028,title!$C$2:$C$2049,0),1),"") | I1028: =IFERROR(INDEX(title!$D$2:$D$2049,MATCH($E1028,title!$C$2:$C$2049,0),1),"") | J1028: =IFERROR(INDEX(title!$E$2:$E$2049,MATCH($E1028,title!$C$2:$C$2049,0),1),"") | N1028: =IF(AND(LENB(H1028),0<H1028,LENB(I1028),0<I1028),"●","") | O1028: =IF(LENB(N1028),COUNTIF(N$4:N1028,"●"),"") | P1028: =IF(AND(LENB(O1028),LENB($B$4),LENB($B$5)),$B$4+$B$5*(O1028),"") | Q1028: =IF(LEN(G1028),1,"") | R1028: =IF(LEN(Q1028),SUM($Q$4:Q1028)-1,"") | S1028: =IF(LENB($P1028),IF(COUNTIF($B$34,"*[*"),REPLACE($B$34,FIND("[",$B$34),2,"["&$R1028&"]"),$B$34),"") | T1028: =IF(LENB($P1028),$S1028&"."&T$2&CHAR(9)&$B$8&" "&H1028&$B$9&CHAR(9)&$B$7&T$3,"") | U1028: =IF(LENB($P1028),$S1028&"."&U$2&CHAR(9)&$B$8&" "&I1028&$B$9&CHAR(9)&$B$7&U$3,"") | V1028: =IF(LENB($P1028),$S1028&"."&V$2&CHAR(9)&$B$8&" "&J1028&$B$9&CHAR(9)&$B$7&V$3,"")
E1029: 1025 | F1029: =IFERROR(INDEX(title!$A$2:$A$2049,MATCH($E1029,title!$C$2:$C$2049,0),1),"") -> 5 | G1029: =IFERROR(INDEX(title!$B$2:$B$2049,MATCH($E1029,title!$C$2:$C$2049,0),1),"") -> 軸6 タイトル | H1029: =IFERROR(INDEX(title!$C$2:$C$2049,MATCH($E1029,title!$C$2:$C$2049,0),1),"") -> 1025 | I1029: =IFERROR(INDEX(title!$D$2:$D$2049,MATCH($E1029,title!$C$2:$C$2049,0),1),"") -> 800 | J1029: =IFERROR(INDEX(title!$E$2:$E$2049,MATCH($E1029,title!$C$2:$C$2049,0),1),"") -> 32 | N1029: =IF(AND(LENB(H1029),0<H1029,LENB(I1029),0<I1029),"●","") -> ● | O1029: =IF(LENB(N1029),COUNTIF(N$4:N1029,"●"),"") -> 6 | P1029: =IF(AND(LENB(O1029),LENB($B$4),LENB($B$5)),$B$4+$B$5*(O1029),"") -> 8284 | Q1029: =IF(LEN(G1029),1,"") -> 1 | R1029: =IF(LEN(Q1029),SUM($Q$4:Q1029)-1,"") -> 5 | S1029: =IF(LENB($P1029),IF(COUNTIF($B$34,"*[*"),REPLACE($B$34,FIND("[",$B$34),2,"["&$R1029&"]"),$B$34),"") -> astPuTW[5] | T1029: =IF(LENB($P1029),$S1029&"."&T$2&CHAR(9)&$B$8&" "&H1029&$B$9&CHAR(9)&$B$7&T$3,"") -> astPuTW[5].No := 1025; //ｳｨﾝﾄﾞｳNo. | U1029: =IF(LENB($P1029),$S1029&"."&U$2&CHAR(9)&$B$8&" "&I1029&$B$9&CHAR(9)&$B$7&U$3,"") -> astPuTW[5].Wide := 800; //ｳｨﾝﾄﾞｳ幅 | V1029: =IF(LENB($P1029),$S1029&"."&V$2&CHAR(9)&$B$8&" "&J1029&$B$9&CHAR(9)&$B$7&V$3,"") -> astPuTW[5].Height := 32; //ｳｨﾝﾄﾞｳ高さ | Z1029: //軸6 タイトル astPuTW[5].No := 1025; //ｳｨﾝﾄﾞｳNo. astPuTW[5].Wide := 800; //ｳｨﾝﾄﾞｳ幅 astPuTW[5].Height := 32; //ｳｨﾝﾄﾞｳ高さ
E1030: 1026 | F1030: =IFERROR(INDEX(title!$A$2:$A$2049,MATCH($E1030,title!$C$2:$C$2049,0),1),"") | G1030: =IFERROR(INDEX(title!$B$2:$B$2049,MATCH($E1030,title!$C$2:$C$2049,0),1),"") | H1030: =IFERROR(INDEX(title!$C$2:$C$2049,MATCH($E1030,title!$C$2:$C$2049,0),1),"") | I1030: =IFERROR(INDEX(title!$D$2:$D$2049,MATCH($E1030,title!$C$2:$C$2049,0),1),"") | J1030: =IFERROR(INDEX(title!$E$2:$E$2049,MATCH($E1030,title!$C$2:$C$2049,0),1),"") | N1030: =IF(AND(LENB(H1030),0<H1030,LENB(I1030),0<I1030),"●","") | O1030: =IF(LENB(N1030),COUNTIF(N$4:N1030,"●"),"") | P1030: =IF(AND(LENB(O1030),LENB($B$4),LENB($B$5)),$B$4+$B$5*(O1030),"") | Q1030: =IF(LEN(G1030),1,"") | R1030: =IF(LEN(Q1030),SUM($Q$4:Q1030)-1,"") | S1030: =IF(LENB($P1030),IF(COUNTIF($B$34,"*[*"),REPLACE($B$34,FIND("[",$B$34),2,"["&$R1030&"]"),$B$34),"") | T1030: =IF(LENB($P1030),$S1030&"."&T$2&CHAR(9)&$B$8&" "&H1030&$B$9&CHAR(9)&$B$7&T$3,"") | U1030: =IF(LENB($P1030),$S1030&"."&U$2&CHAR(9)&$B$8&" "&I1030&$B$9&CHAR(9)&$B$7&U$3,"") | V1030: =IF(LENB($P1030),$S1030&"."&V$2&CHAR(9)&$B$8&" "&J1030&$B$9&CHAR(9)&$B$7&V$3,"")
E1031: 1027 | F1031: =IFERROR(INDEX(title!$A$2:$A$2049,MATCH($E1031,title!$C$2:$C$2049,0),1),"") | G1031: =IFERROR(INDEX(title!$B$2:$B$2049,MATCH($E1031,title!$C$2:$C$2049,0),1),"") | H1031: =IFERROR(INDEX(title!$C$2:$C$2049,MATCH($E1031,title!$C$2:$C$2049,0),1),"") | I1031: =IFERROR(INDEX(title!$D$2:$D$2049,MATCH($E1031,title!$C$2:$C$2049,0),1),"") | J1031: =IFERROR(INDEX(title!$E$2:$E$2049,MATCH($E1031,title!$C$2:$C$2049,0),1),"") | N1031: =IF(AND(LENB(H1031),0<H1031,LENB(I1031),0<I1031),"●","") | O1031: =IF(LENB(N1031),COUNTIF(N$4:N1031,"●"),"") | P1031: =IF(AND(LENB(O1031),LENB($B$4),LENB($B$5)),$B$4+$B$5*(O1031),"") | Q1031: =IF(LEN(G1031),1,"") | R1031: =IF(LEN(Q1031),SUM($Q$4:Q1031)-1,"") | S1031: =IF(LENB($P1031),IF(COUNTIF($B$34,"*[*"),REPLACE($B$34,FIND("[",$B$34),2,"["&$R1031&"]"),$B$34),"") | T1031: =IF(LENB($P1031),$S1031&"."&T$2&CHAR(9)&$B$8&" "&H1031&$B$9&CHAR(9)&$B$7&T$3,"") | U1031: =IF(LENB($P1031),$S1031&"."&U$2&CHAR(9)&$B$8&" "&I1031&$B$9&CHAR(9)&$B$7&U$3,"") | V1031: =IF(LENB($P1031),$S1031&"."&V$2&CHAR(9)&$B$8&" "&J1031&$B$9&CHAR(9)&$B$7&V$3,"")
E1032: 1028 | F1032: =IFERROR(INDEX(title!$A$2:$A$2049,MATCH($E1032,title!$C$2:$C$2049,0),1),"") | G1032: =IFERROR(INDEX(title!$B$2:$B$2049,MATCH($E1032,title!$C$2:$C$2049,0),1),"") | H1032: =IFERROR(INDEX(title!$C$2:$C$2049,MATCH($E1032,title!$C$2:$C$2049,0),1),"") | I1032: =IFERROR(INDEX(title!$D$2:$D$2049,MATCH($E1032,title!$C$2:$C$2049,0),1),"") | J1032: =IFERROR(INDEX(title!$E$2:$E$2049,MATCH($E1032,title!$C$2:$C$2049,0),1),"") | N1032: =IF(AND(LENB(H1032),0<H1032,LENB(I1032),0<I1032),"●","") | O1032: =IF(LENB(N1032),COUNTIF(N$4:N1032,"●"),"") | P1032: =IF(AND(LENB(O1032),LENB($B$4),LENB($B$5)),$B$4+$B$5*(O1032),"") | Q1032: =IF(LEN(G1032),1,"") | R1032: =IF(LEN(Q1032),SUM($Q$4:Q1032)-1,"") | S1032: =IF(LENB($P1032),IF(COUNTIF($B$34,"*[*"),REPLACE($B$34,FIND("[",$B$34),2,"["&$R1032&"]"),$B$34),"") | T1032: =IF(LENB($P1032),$S1032&"."&T$2&CHAR(9)&$B$8&" "&H1032&$B$9&CHAR(9)&$B$7&T$3,"") | U1032: =IF(LENB($P1032),$S1032&"."&U$2&CHAR(9)&$B$8&" "&I1032&$B$9&CHAR(9)&$B$7&U$3,"") | V1032: =IF(LENB($P1032),$S1032&"."&V$2&CHAR(9)&$B$8&" "&J1032&$B$9&CHAR(9)&$B$7&V$3,"")
E1033: 1029 | F1033: =IFERROR(INDEX(title!$A$2:$A$2049,MATCH($E1033,title!$C$2:$C$2049,0),1),"") | G1033: =IFERROR(INDEX(title!$B$2:$B$2049,MATCH($E1033,title!$C$2:$C$2049,0),1),"") | H1033: =IFERROR(INDEX(title!$C$2:$C$2049,MATCH($E1033,title!$C$2:$C$2049,0),1),"") | I1033: =IFERROR(INDEX(title!$D$2:$D$2049,MATCH($E1033,title!$C$2:$C$2049,0),1),"") | J1033: =IFERROR(INDEX(title!$E$2:$E$2049,MATCH($E1033,title!$C$2:$C$2049,0),1),"") | N1033: =IF(AND(LENB(H1033),0<H1033,LENB(I1033),0<I1033),"●","") | O1033: =IF(LENB(N1033),COUNTIF(N$4:N1033,"●"),"") | P1033: =IF(AND(LENB(O1033),LENB($B$4),LENB($B$5)),$B$4+$B$5*(O1033),"") | Q1033: =IF(LEN(G1033),1,"") | R1033: =IF(LEN(Q1033),SUM($Q$4:Q1033)-1,"") | S1033: =IF(LENB($P1033),IF(COUNTIF($B$34,"*[*"),REPLACE($B$34,FIND("[",$B$34),2,"["&$R1033&"]"),$B$34),"") | T1033: =IF(LENB($P1033),$S1033&"."&T$2&CHAR(9)&$B$8&" "&H1033&$B$9&CHAR(9)&$B$7&T$3,"") | U1033: =IF(LENB($P1033),$S1033&"."&U$2&CHAR(9)&$B$8&" "&I1033&$B$9&CHAR(9)&$B$7&U$3,"") | V1033: =IF(LENB($P1033),$S1033&"."&V$2&CHAR(9)&$B$8&" "&J1033&$B$9&CHAR(9)&$B$7&V$3,"")
E1034: 1030 | F1034: =IFERROR(INDEX(title!$A$2:$A$2049,MATCH($E1034,title!$C$2:$C$2049,0),1),"") -> 6 | G1034: =IFERROR(INDEX(title!$B$2:$B$2049,MATCH($E1034,title!$C$2:$C$2049,0),1),"") -> 軸7 タイトル | H1034: =IFERROR(INDEX(title!$C$2:$C$2049,MATCH($E1034,title!$C$2:$C$2049,0),1),"") -> 1030 | I1034: =IFERROR(INDEX(title!$D$2:$D$2049,MATCH($E1034,title!$C$2:$C$2049,0),1),"") -> 800 | J1034: =IFERROR(INDEX(title!$E$2:$E$2049,MATCH($E1034,title!$C$2:$C$2049,0),1),"") -> 32 | N1034: =IF(AND(LENB(H1034),0<H1034,LENB(I1034),0<I1034),"●","") -> ● | O1034: =IF(LENB(N1034),COUNTIF(N$4:N1034,"●"),"") -> 7 | P1034: =IF(AND(LENB(O1034),LENB($B$4),LENB($B$5)),$B$4+$B$5*(O1034),"") -> 8288 | Q1034: =IF(LEN(G1034),1,"") -> 1 | R1034: =IF(LEN(Q1034),SUM($Q$4:Q1034)-1,"") -> 6 | S1034: =IF(LENB($P1034),IF(COUNTIF($B$34,"*[*"),REPLACE($B$34,FIND("[",$B$34),2,"["&$R1034&"]"),$B$34),"") -> astPuTW[6] | T1034: =IF(LENB($P1034),$S1034&"."&T$2&CHAR(9)&$B$8&" "&H1034&$B$9&CHAR(9)&$B$7&T$3,"") -> astPuTW[6].No := 1030; //ｳｨﾝﾄﾞｳNo. | U1034: =IF(LENB($P1034),$S1034&"."&U$2&CHAR(9)&$B$8&" "&I1034&$B$9&CHAR(9)&$B$7&U$3,"") -> astPuTW[6].Wide := 800; //ｳｨﾝﾄﾞｳ幅 | V1034: =IF(LENB($P1034),$S1034&"."&V$2&CHAR(9)&$B$8&" "&J1034&$B$9&CHAR(9)&$B$7&V$3,"") -> astPuTW[6].Height := 32; //ｳｨﾝﾄﾞｳ高さ | Z1034: //軸7 タイトル astPuTW[6].No := 1030; //ｳｨﾝﾄﾞｳNo. astPuTW[6].Wide := 800; //ｳｨﾝﾄﾞｳ幅 astPuTW[6].Height := 32; //ｳｨﾝﾄﾞｳ高さ
E1035: 1031 | F1035: =IFERROR(INDEX(title!$A$2:$A$2049,MATCH($E1035,title!$C$2:$C$2049,0),1),"") | G1035: =IFERROR(INDEX(title!$B$2:$B$2049,MATCH($E1035,title!$C$2:$C$2049,0),1),"") | H1035: =IFERROR(INDEX(title!$C$2:$C$2049,MATCH($E1035,title!$C$2:$C$2049,0),1),"") | I1035: =IFERROR(INDEX(title!$D$2:$D$2049,MATCH($E1035,title!$C$2:$C$2049,0),1),"") | J1035: =IFERROR(INDEX(title!$E$2:$E$2049,MATCH($E1035,title!$C$2:$C$2049,0),1),"") | N1035: =IF(AND(LENB(H1035),0<H1035,LENB(I1035),0<I1035),"●","") | O1035: =IF(LENB(N1035),COUNTIF(N$4:N1035,"●"),"") | P1035: =IF(AND(LENB(O1035),LENB($B$4),LENB($B$5)),$B$4+$B$5*(O1035),"") | Q1035: =IF(LEN(G1035),1,"") | R1035: =IF(LEN(Q1035),SUM($Q$4:Q1035)-1,"") | S1035: =IF(LENB($P1035),IF(COUNTIF($B$34,"*[*"),REPLACE($B$34,FIND("[",$B$34),2,"["&$R1035&"]"),$B$34),"") | T1035: =IF(LENB($P1035),$S1035&"."&T$2&CHAR(9)&$B$8&" "&H1035&$B$9&CHAR(9)&$B$7&T$3,"") | U1035: =IF(LENB($P1035),$S1035&"."&U$2&CHAR(9)&$B$8&" "&I1035&$B$9&CHAR(9)&$B$7&U$3,"") | V1035: =IF(LENB($P1035),$S1035&"."&V$2&CHAR(9)&$B$8&" "&J1035&$B$9&CHAR(9)&$B$7&V$3,"")
E1036: 1032 | F1036: =IFERROR(INDEX(title!$A$2:$A$2049,MATCH($E1036,title!$C$2:$C$2049,0),1),"") | G1036: =IFERROR(INDEX(title!$B$2:$B$2049,MATCH($E1036,title!$C$2:$C$2049,0),1),"") | H1036: =IFERROR(INDEX(title!$C$2:$C$2049,MATCH($E1036,title!$C$2:$C$2049,0),1),"") | I1036: =IFERROR(INDEX(title!$D$2:$D$2049,MATCH($E1036,title!$C$2:$C$2049,0),1),"") | J1036: =IFERROR(INDEX(title!$E$2:$E$2049,MATCH($E1036,title!$C$2:$C$2049,0),1),"") | N1036: =IF(AND(LENB(H1036),0<H1036,LENB(I1036),0<I1036),"●","") | O1036: =IF(LENB(N1036),COUNTIF(N$4:N1036,"●"),"") | P1036: =IF(AND(LENB(O1036),LENB($B$4),LENB($B$5)),$B$4+$B$5*(O1036),"") | Q1036: =IF(LEN(G1036),1,"") | R1036: =IF(LEN(Q1036),SUM($Q$4:Q1036)-1,"") | S1036: =IF(LENB($P1036),IF(COUNTIF($B$34,"*[*"),REPLACE($B$34,FIND("[",$B$34),2,"["&$R1036&"]"),$B$34),"") | T1036: =IF(LENB($P1036),$S1036&"."&T$2&CHAR(9)&$B$8&" "&H1036&$B$9&CHAR(9)&$B$7&T$3,"") | U1036: =IF(LENB($P1036),$S1036&"."&U$2&CHAR(9)&$B$8&" "&I1036&$B$9&CHAR(9)&$B$7&U$3,"") | V1036: =IF(LENB($P1036),$S1036&"."&V$2&CHAR(9)&$B$8&" "&J1036&$B$9&CHAR(9)&$B$7&V$3,"")
E1037: 1033 | F1037: =IFERROR(INDEX(title!$A$2:$A$2049,MATCH($E1037,title!$C$2:$C$2049,0),1),"") | G1037: =IFERROR(INDEX(title!$B$2:$B$2049,MATCH($E1037,title!$C$2:$C$2049,0),1),"") | H1037: =IFERROR(INDEX(title!$C$2:$C$2049,MATCH($E1037,title!$C$2:$C$2049,0),1),"") | I1037: =IFERROR(INDEX(title!$D$2:$D$2049,MATCH($E1037,title!$C$2:$C$2049,0),1),"") | J1037: =IFERROR(INDEX(title!$E$2:$E$2049,MATCH($E1037,title!$C$2:$C$2049,0),1),"") | N1037: =IF(AND(LENB(H1037),0<H1037,LENB(I1037),0<I1037),"●","") | O1037: =IF(LENB(N1037),COUNTIF(N$4:N1037,"●"),"") | P1037: =IF(AND(LENB(O1037),LENB($B$4),LENB($B$5)),$B$4+$B$5*(O1037),"") | Q1037: =IF(LEN(G1037),1,"") | R1037: =IF(LEN(Q1037),SUM($Q$4:Q1037)-1,"") | S1037: =IF(LENB($P1037),IF(COUNTIF($B$34,"*[*"),REPLACE($B$34,FIND("[",$B$34),2,"["&$R1037&"]"),$B$34),"") | T1037: =IF(LENB($P1037),$S1037&"."&T$2&CHAR(9)&$B$8&" "&H1037&$B$9&CHAR(9)&$B$7&T$3,"") | U1037: =IF(LENB($P1037),$S1037&"."&U$2&CHAR(9)&$B$8&" "&I1037&$B$9&CHAR(9)&$B$7&U$3,"") | V1037: =IF(LENB($P1037),$S1037&"."&V$2&CHAR(9)&$B$8&" "&J1037&$B$9&CHAR(9)&$B$7&V$3,"")
E1038: 1034 | F1038: =IFERROR(INDEX(title!$A$2:$A$2049,MATCH($E1038,title!$C$2:$C$2049,0),1),"") | G1038: =IFERROR(INDEX(title!$B$2:$B$2049,MATCH($E1038,title!$C$2:$C$2049,0),1),"") | H1038: =IFERROR(INDEX(title!$C$2:$C$2049,MATCH($E1038,title!$C$2:$C$2049,0),1),"") | I1038: =IFERROR(INDEX(title!$D$2:$D$2049,MATCH($E1038,title!$C$2:$C$2049,0),1),"") | J1038: =IFERROR(INDEX(title!$E$2:$E$2049,MATCH($E1038,title!$C$2:$C$2049,0),1),"") | N1038: =IF(AND(LENB(H1038),0<H1038,LENB(I1038),0<I1038),"●","") | O1038: =IF(LENB(N1038),COUNTIF(N$4:N1038,"●"),"") | P1038: =IF(AND(LENB(O1038),LENB($B$4),LENB($B$5)),$B$4+$B$5*(O1038),"") | Q1038: =IF(LEN(G1038),1,"") | R1038: =IF(LEN(Q1038),SUM($Q$4:Q1038)-1,"") | S1038: =IF(LENB($P1038),IF(COUNTIF($B$34,"*[*"),REPLACE($B$34,FIND("[",$B$34),2,"["&$R1038&"]"),$B$34),"") | T1038: =IF(LENB($P1038),$S1038&"."&T$2&CHAR(9)&$B$8&" "&H1038&$B$9&CHAR(9)&$B$7&T$3,"") | U1038: =IF(LENB($P1038),$S1038&"."&U$2&CHAR(9)&$B$8&" "&I1038&$B$9&CHAR(9)&$B$7&U$3,"") | V1038: =IF(LENB($P1038),$S1038&"."&V$2&CHAR(9)&$B$8&" "&J1038&$B$9&CHAR(9)&$B$7&V$3,"")
E1039: 1035 | F1039: =IFERROR(INDEX(title!$A$2:$A$2049,MATCH($E1039,title!$C$2:$C$2049,0),1),"") -> 7 | G1039: =IFERROR(INDEX(title!$B$2:$B$2049,MATCH($E1039,title!$C$2:$C$2049,0),1),"") -> 軸8 タイトル | H1039: =IFERROR(INDEX(title!$C$2:$C$2049,MATCH($E1039,title!$C$2:$C$2049,0),1),"") -> 1035 | I1039: =IFERROR(INDEX(title!$D$2:$D$2049,MATCH($E1039,title!$C$2:$C$2049,0),1),"") -> 800 | J1039: =IFERROR(INDEX(title!$E$2:$E$2049,MATCH($E1039,title!$C$2:$C$2049,0),1),"") -> 32 | N1039: =IF(AND(LENB(H1039),0<H1039,LENB(I1039),0<I1039),"●","") -> ● | O1039: =IF(LENB(N1039),COUNTIF(N$4:N1039,"●"),"") -> 8 | P1039: =IF(AND(LENB(O1039),LENB($B$4),LENB($B$5)),$B$4+$B$5*(O1039),"") -> 8292 | Q1039: =IF(LEN(G1039),1,"") -> 1 | R1039: =IF(LEN(Q1039),SUM($Q$4:Q1039)-1,"") -> 7 | S1039: =IF(LENB($P1039),IF(COUNTIF($B$34,"*[*"),REPLACE($B$34,FIND("[",$B$34),2,"["&$R1039&"]"),$B$34),"") -> astPuTW[7] | T1039: =IF(LENB($P1039),$S1039&"."&T$2&CHAR(9)&$B$8&" "&H1039&$B$9&CHAR(9)&$B$7&T$3,"") -> astPuTW[7].No := 1035; //ｳｨﾝﾄﾞｳNo. | U1039: =IF(LENB($P1039),$S1039&"."&U$2&CHAR(9)&$B$8&" "&I1039&$B$9&CHAR(9)&$B$7&U$3,"") -> astPuTW[7].Wide := 800; //ｳｨﾝﾄﾞｳ幅 | V1039: =IF(LENB($P1039),$S1039&"."&V$2&CHAR(9)&$B$8&" "&J1039&$B$9&CHAR(9)&$B$7&V$3,"") -> astPuTW[7].Height := 32; //ｳｨﾝﾄﾞｳ高さ | Z1039: //軸8 タイトル astPuTW[7].No := 1035; //ｳｨﾝﾄﾞｳNo. astPuTW[7].Wide := 800; //ｳｨﾝﾄﾞｳ幅 astPuTW[7].Height := 32; //ｳｨﾝﾄﾞｳ高さ
E1040: 1036 | F1040: =IFERROR(INDEX(title!$A$2:$A$2049,MATCH($E1040,title!$C$2:$C$2049,0),1),"") | G1040: =IFERROR(INDEX(title!$B$2:$B$2049,MATCH($E1040,title!$C$2:$C$2049,0),1),"") | H1040: =IFERROR(INDEX(title!$C$2:$C$2049,MATCH($E1040,title!$C$2:$C$2049,0),1),"") | I1040: =IFERROR(INDEX(title!$D$2:$D$2049,MATCH($E1040,title!$C$2:$C$2049,0),1),"") | J1040: =IFERROR(INDEX(title!$E$2:$E$2049,MATCH($E1040,title!$C$2:$C$2049,0),1),"") | N1040: =IF(AND(LENB(H1040),0<H1040,LENB(I1040),0<I1040),"●","") | O1040: =IF(LENB(N1040),COUNTIF(N$4:N1040,"●"),"") | P1040: =IF(AND(LENB(O1040),LENB($B$4),LENB($B$5)),$B$4+$B$5*(O1040),"") | Q1040: =IF(LEN(G1040),1,"") | R1040: =IF(LEN(Q1040),SUM($Q$4:Q1040)-1,"") | S1040: =IF(LENB($P1040),IF(COUNTIF($B$34,"*[*"),REPLACE($B$34,FIND("[",$B$34),2,"["&$R1040&"]"),$B$34),"") | T1040: =IF(LENB($P1040),$S1040&"."&T$2&CHAR(9)&$B$8&" "&H1040&$B$9&CHAR(9)&$B$7&T$3,"") | U1040: =IF(LENB($P1040),$S1040&"."&U$2&CHAR(9)&$B$8&" "&I1040&$B$9&CHAR(9)&$B$7&U$3,"") | V1040: =IF(LENB($P1040),$S1040&"."&V$2&CHAR(9)&$B$8&" "&J1040&$B$9&CHAR(9)&$B$7&V$3,"")
E1041: 1037 | F1041: =IFERROR(INDEX(title!$A$2:$A$2049,MATCH($E1041,title!$C$2:$C$2049,0),1),"") | G1041: =IFERROR(INDEX(title!$B$2:$B$2049,MATCH($E1041,title!$C$2:$C$2049,0),1),"") | H1041: =IFERROR(INDEX(title!$C$2:$C$2049,MATCH($E1041,title!$C$2:$C$2049,0),1),"") | I1041: =IFERROR(INDEX(title!$D$2:$D$2049,MATCH($E1041,title!$C$2:$C$2049,0),1),"") | J1041: =IFERROR(INDEX(title!$E$2:$E$2049,MATCH($E1041,title!$C$2:$C$2049,0),1),"") | N1041: =IF(AND(LENB(H1041),0<H1041,LENB(I1041),0<I1041),"●","") | O1041: =IF(LENB(N1041),COUNTIF(N$4:N1041,"●"),"") | P1041: =IF(AND(LENB(O1041),LENB($B$4),LENB($B$5)),$B$4+$B$5*(O1041),"") | Q1041: =IF(LEN(G1041),1,"") | R1041: =IF(LEN(Q1041),SUM($Q$4:Q1041)-1,"") | S1041: =IF(LENB($P1041),IF(COUNTIF($B$34,"*[*"),REPLACE($B$34,FIND("[",$B$34),2,"["&$R1041&"]"),$B$34),"") | T1041: =IF(LENB($P1041),$S1041&"."&T$2&CHAR(9)&$B$8&" "&H1041&$B$9&CHAR(9)&$B$7&T$3,"") | U1041: =IF(LENB($P1041),$S1041&"."&U$2&CHAR(9)&$B$8&" "&I1041&$B$9&CHAR(9)&$B$7&U$3,"") | V1041: =IF(LENB($P1041),$S1041&"."&V$2&CHAR(9)&$B$8&" "&J1041&$B$9&CHAR(9)&$B$7&V$3,"")
E1042: 1038 | F1042: =IFERROR(INDEX(title!$A$2:$A$2049,MATCH($E1042,title!$C$2:$C$2049,0),1),"") | G1042: =IFERROR(INDEX(title!$B$2:$B$2049,MATCH($E1042,title!$C$2:$C$2049,0),1),"") | H1042: =IFERROR(INDEX(title!$C$2:$C$2049,MATCH($E1042,title!$C$2:$C$2049,0),1),"") | I1042: =IFERROR(INDEX(title!$D$2:$D$2049,MATCH($E1042,title!$C$2:$C$2049,0),1),"") | J1042: =IFERROR(INDEX(title!$E$2:$E$2049,MATCH($E1042,title!$C$2:$C$2049,0),1),"") | N1042: =IF(AND(LENB(H1042),0<H1042,LENB(I1042),0<I1042),"●","") | O1042: =IF(LENB(N1042),COUNTIF(N$4:N1042,"●"),"") | P1042: =IF(AND(LENB(O1042),LENB($B$4),LENB($B$5)),$B$4+$B$5*(O1042),"") | Q1042: =IF(LEN(G1042),1,"") | R1042: =IF(LEN(Q1042),SUM($Q$4:Q1042)-1,"") | S1042: =IF(LENB($P1042),IF(COUNTIF($B$34,"*[*"),REPLACE($B$34,FIND("[",$B$34),2,"["&$R1042&"]"),$B$34),"") | T1042: =IF(LENB($P1042),$S1042&"."&T$2&CHAR(9)&$B$8&" "&H1042&$B$9&CHAR(9)&$B$7&T$3,"") | U1042: =IF(LENB($P1042),$S1042&"."&U$2&CHAR(9)&$B$8&" "&I1042&$B$9&CHAR(9)&$B$7&U$3,"") | V1042: =IF(LENB($P1042),$S1042&"."&V$2&CHAR(9)&$B$8&" "&J1042&$B$9&CHAR(9)&$B$7&V$3,"")
E1043: 1039 | F1043: =IFERROR(INDEX(title!$A$2:$A$2049,MATCH($E1043,title!$C$2:$C$2049,0),1),"") | G1043: =IFERROR(INDEX(title!$B$2:$B$2049,MATCH($E1043,title!$C$2:$C$2049,0),1),"") | H1043: =IFERROR(INDEX(title!$C$2:$C$2049,MATCH($E1043,title!$C$2:$C$2049,0),1),"") | I1043: =IFERROR(INDEX(title!$D$2:$D$2049,MATCH($E1043,title!$C$2:$C$2049,0),1),"") | J1043: =IFERROR(INDEX(title!$E$2:$E$2049,MATCH($E1043,title!$C$2:$C$2049,0),1),"") | N1043: =IF(AND(LENB(H1043),0<H1043,LENB(I1043),0<I1043),"●","") | O1043: =IF(LENB(N1043),COUNTIF(N$4:N1043,"●"),"") | P1043: =IF(AND(LENB(O1043),LENB($B$4),LENB($B$5)),$B$4+$B$5*(O1043),"") | Q1043: =IF(LEN(G1043),1,"") | R1043: =IF(LEN(Q1043),SUM($Q$4:Q1043)-1,"") | S1043: =IF(LENB($P1043),IF(COUNTIF($B$34,"*[*"),REPLACE($B$34,FIND("[",$B$34),2,"["&$R1043&"]"),$B$34),"") | T1043: =IF(LENB($P1043),$S1043&"."&T$2&CHAR(9)&$B$8&" "&H1043&$B$9&CHAR(9)&$B$7&T$3,"") | U1043: =IF(LENB($P1043),$S1043&"."&U$2&CHAR(9)&$B$8&" "&I1043&$B$9&CHAR(9)&$B$7&U$3,"") | V1043: =IF(LENB($P1043),$S1043&"."&V$2&CHAR(9)&$B$8&" "&J1043&$B$9&CHAR(9)&$B$7&V$3,"")
E1044: 1040 | F1044: =IFERROR(INDEX(title!$A$2:$A$2049,MATCH($E1044,title!$C$2:$C$2049,0),1),"") -> 8 | G1044: =IFERROR(INDEX(title!$B$2:$B$2049,MATCH($E1044,title!$C$2:$C$2049,0),1),"") -> 軸9 タイトル | H1044: =IFERROR(INDEX(title!$C$2:$C$2049,MATCH($E1044,title!$C$2:$C$2049,0),1),"") -> 1040 | I1044: =IFERROR(INDEX(title!$D$2:$D$2049,MATCH($E1044,title!$C$2:$C$2049,0),1),"") -> 800 | J1044: =IFERROR(INDEX(title!$E$2:$E$2049,MATCH($E1044,title!$C$2:$C$2049,0),1),"") -> 32 | N1044: =IF(AND(LENB(H1044),0<H1044,LENB(I1044),0<I1044),"●","") -> ● | O1044: =IF(LENB(N1044),COUNTIF(N$4:N1044,"●"),"") -> 9 | P1044: =IF(AND(LENB(O1044),LENB($B$4),LENB($B$5)),$B$4+$B$5*(O1044),"") -> 8296 | Q1044: =IF(LEN(G1044),1,"") -> 1 | R1044: =IF(LEN(Q1044),SUM($Q$4:Q1044)-1,"") -> 8 | S1044: =IF(LENB($P1044),IF(COUNTIF($B$34,"*[*"),REPLACE($B$34,FIND("[",$B$34),2,"["&$R1044&"]"),$B$34),"") -> astPuTW[8] | T1044: =IF(LENB($P1044),$S1044&"."&T$2&CHAR(9)&$B$8&" "&H1044&$B$9&CHAR(9)&$B$7&T$3,"") -> astPuTW[8].No := 1040; //ｳｨﾝﾄﾞｳNo. | U1044: =IF(LENB($P1044),$S1044&"."&U$2&CHAR(9)&$B$8&" "&I1044&$B$9&CHAR(9)&$B$7&U$3,"") -> astPuTW[8].Wide := 800; //ｳｨﾝﾄﾞｳ幅 | V1044: =IF(LENB($P1044),$S1044&"."&V$2&CHAR(9)&$B$8&" "&J1044&$B$9&CHAR(9)&$B$7&V$3,"") -> astPuTW[8].Height := 32; //ｳｨﾝﾄﾞｳ高さ | Z1044: //軸9 タイトル astPuTW[8].No := 1040; //ｳｨﾝﾄﾞｳNo. astPuTW[8].Wide := 800; //ｳｨﾝﾄﾞｳ幅 astPuTW[8].Height := 32; //ｳｨﾝﾄﾞｳ高さ
E1045: 1041 | F1045: =IFERROR(INDEX(title!$A$2:$A$2049,MATCH($E1045,title!$C$2:$C$2049,0),1),"") | G1045: =IFERROR(INDEX(title!$B$2:$B$2049,MATCH($E1045,title!$C$2:$C$2049,0),1),"") | H1045: =IFERROR(INDEX(title!$C$2:$C$2049,MATCH($E1045,title!$C$2:$C$2049,0),1),"") | I1045: =IFERROR(INDEX(title!$D$2:$D$2049,MATCH($E1045,title!$C$2:$C$2049,0),1),"") | J1045: =IFERROR(INDEX(title!$E$2:$E$2049,MATCH($E1045,title!$C$2:$C$2049,0),1),"") | N1045: =IF(AND(LENB(H1045),0<H1045,LENB(I1045),0<I1045),"●","") | O1045: =IF(LENB(N1045),COUNTIF(N$4:N1045,"●"),"") | P1045: =IF(AND(LENB(O1045),LENB($B$4),LENB($B$5)),$B$4+$B$5*(O1045),"") | Q1045: =IF(LEN(G1045),1,"") | R1045: =IF(LEN(Q1045),SUM($Q$4:Q1045)-1,"") | S1045: =IF(LENB($P1045),IF(COUNTIF($B$34,"*[*"),REPLACE($B$34,FIND("[",$B$34),2,"["&$R1045&"]"),$B$34),"") | T1045: =IF(LENB($P1045),$S1045&"."&T$2&CHAR(9)&$B$8&" "&H1045&$B$9&CHAR(9)&$B$7&T$3,"") | U1045: =IF(LENB($P1045),$S1045&"."&U$2&CHAR(9)&$B$8&" "&I1045&$B$9&CHAR(9)&$B$7&U$3,"") | V1045: =IF(LENB($P1045),$S1045&"."&V$2&CHAR(9)&$B$8&" "&J1045&$B$9&CHAR(9)&$B$7&V$3,"")
E1046: 1042 | F1046: =IFERROR(INDEX(title!$A$2:$A$2049,MATCH($E1046,title!$C$2:$C$2049,0),1),"") | G1046: =IFERROR(INDEX(title!$B$2:$B$2049,MATCH($E1046,title!$C$2:$C$2049,0),1),"") | H1046: =IFERROR(INDEX(title!$C$2:$C$2049,MATCH($E1046,title!$C$2:$C$2049,0),1),"") | I1046: =IFERROR(INDEX(title!$D$2:$D$2049,MATCH($E1046,title!$C$2:$C$2049,0),1),"") | J1046: =IFERROR(INDEX(title!$E$2:$E$2049,MATCH($E1046,title!$C$2:$C$2049,0),1),"") | N1046: =IF(AND(LENB(H1046),0<H1046,LENB(I1046),0<I1046),"●","") | O1046: =IF(LENB(N1046),COUNTIF(N$4:N1046,"●"),"") | P1046: =IF(AND(LENB(O1046),LENB($B$4),LENB($B$5)),$B$4+$B$5*(O1046),"") | Q1046: =IF(LEN(G1046),1,"") | R1046: =IF(LEN(Q1046),SUM($Q$4:Q1046)-1,"") | S1046: =IF(LENB($P1046),IF(COUNTIF($B$34,"*[*"),REPLACE($B$34,FIND("[",$B$34),2,"["&$R1046&"]"),$B$34),"") | T1046: =IF(LENB($P1046),$S1046&"."&T$2&CHAR(9)&$B$8&" "&H1046&$B$9&CHAR(9)&$B$7&T$3,"") | U1046: =IF(LENB($P1046),$S1046&"."&U$2&CHAR(9)&$B$8&" "&I1046&$B$9&CHAR(9)&$B$7&U$3,"") | V1046: =IF(LENB($P1046),$S1046&"."&V$2&CHAR(9)&$B$8&" "&J1046&$B$9&CHAR(9)&$B$7&V$3,"")
...

Sheet content
A1: オフセット | B1: 名称 | C1: ウィンドウNo. | D1: タイトルウィンドウNo. | E1: タイトルインデックス | F1: 幅[px] | G1: 高さ[px] | H1: セキュリティレベル | I1: 区分No. | J1: 機器No. | K1: type | L1: type_idx
A2: 0 | B2: 軸1 サーボON | C2: 1001 | D2: 1000 | E2: {=IF(LEN(D2:D2049),IFERROR(INDEX(title!$A$2:$A$2049,MATCH(D2:D2049,title!$C$2:$C$2049,0),1),""),"")} -> 0 | F2: 800 | G2: 64 | H2: 1 | I2: 0 | J2: 1 | K2: axis | L2: 1 | M2: *
A3: 1 | M3: *
A4: 2 | B4: 軸2 サーボON | C4: =D4+1 -> 1006 | D4: 1005 | E4: 1 | F4: 800 | G4: 64 | H4: 1 | I4: 0 | J4: 1 | K4: axis | L4: 2 | M4: *
A5: 3 | B5: 軸2 原点復帰 ポイント移動 | C5: =C4+1 -> 1007 | D5: =D4 -> 1005 | E5: 1 | F5: 800 | G5: 104 | H5: 0 | I5: 0 | J5: 1 | K5: axis | L5: =L4 -> 2 | M5: *
A6: 4 | B6: 軸2 数値指定移動 | C6: =C5+1 -> 1008 | D6: =D5 -> 1005 | E6: 1 | F6: 800 | G6: 104 | H6: 0 | I6: 0 | J6: 1 | K6: axis | L6: =L5 -> 2 | M6: *
A7: 5 | B7: 軸2 JOG移動 | C7: =C6+1 -> 1009 | D7: =D6 -> 1005 | E7: 1 | F7: 800 | G7: 104 | H7: 1 | I7: 0 | J7: 1 | K7: axis | L7: =L6 -> 2 | M7: *
A8: 6 | B8: 軸3 サーボON | C8: =D8+1 -> 1011 | D8: 1010 | E8: 2 | F8: 800 | G8: 64 | H8: 1 | I8: 0 | J8: 1 | K8: axis | L8: 3 | M8: *
A9: 7 | B9: 軸3 原点復帰 ポイント移動 | C9: =C8+1 -> 1012 | D9: =D8 -> 1010 | E9: 2 | F9: 800 | G9: 104 | H9: 0 | I9: 0 | J9: 1 | K9: axis | L9: =L8 -> 3 | M9: *
A10: 8 | B10: 軸3 数値指定移動 | C10: =C9+1 -> 1013 | D10: =D9 -> 1010 | E10: 2 | F10: 800 | G10: 104 | H10: 0 | I10: 0 | J10: 1 | K10: axis | L10: =L9 -> 3 | M10: *
A11: 9 | B11: 軸3 JOG移動 | C11: =C10+1 -> 1014 | D11: =D10 -> 1010 | E11: 2 | F11: 800 | G11: 104 | H11: 1 | I11: 0 | J11: 1 | K11: axis | L11: =L10 -> 3 | M11: *
A12: 10 | B12: 軸4 サーボON | C12: =D12+1 -> 1016 | D12: 1015 | E12: 3 | F12: 800 | G12: 64 | H12: 1 | I12: 0 | J12: 1 | K12: axis | L12: 4 | M12: *
A13: 11 | B13: 軸4 原点復帰 ポイント移動 | C13: =C12+1 -> 1017 | D13: =D12 -> 1015 | E13: 3 | F13: 800 | G13: 104 | H13: 0 | I13: 0 | J13: 1 | K13: axis | L13: =L12 -> 4 | M13: *
A14: 12 | B14: 軸4 数値指定移動 | C14: =C13+1 -> 1018 | D14: =D13 -> 1015 | E14: 3 | F14: 800 | G14: 104 | H14: 0 | I14: 0 | J14: 1 | K14: axis | L14: =L13 -> 4 | M14: *
A15: 13 | B15: 軸4 JOG移動 | C15: =C14+1 -> 1019 | D15: =D14 -> 1015 | E15: 3 | F15: 800 | G15: 104 | H15: 1 | J15: 1 | K15: axis | L15: =L14 -> 4 | M15: *
A16: 14 | B16: 軸5 サーボON | C16: =D16+1 -> 1021 | D16: 1020 | E16: 4 | F16: 800 | G16: 64 | H16: 1 | I16: 0 | J16: 1 | K16: axis | L16: 5 | M16: *
A17: 15 | B17: 軸5 原点復帰 ポイント移動 | C17: =C16+1 -> 1022 | D17: =D16 -> 1020 | E17: 4 | F17: 800 | G17: 104 | H17: 0 | I17: 0 | J17: 1 | K17: axis | L17: =L16 -> 5 | M17: *
A18: 16 | B18: 軸5 数値指定移動 | C18: =C17+1 -> 1023 | D18: =D17 -> 1020 | E18: 4 | F18: 800 | G18: 104 | H18: 0 | I18: 0 | J18: 1 | K18: axis | L18: =L17 -> 5 | M18: *
A19: 17 | B19: 軸5 JOG移動 | C19: =C18+1 -> 1024 | D19: =D18 -> 1020 | E19: 4 | F19: 800 | G19: 104 | H19: 1 | I19: 0 | J19: 1 | K19: axis | L19: =L18 -> 5 | M19: *
A20: 18 | B20: 軸6 サーボON | C20: =D20+1 -> 1026 | D20: 1025 | E20: 5 | F20: 800 | G20: 64 | H20: 1 | I20: 0 | J20: 1 | K20: axis | L20: 6 | M20: *
A21: 19 | B21: 軸6 原点復帰 ポイント移動 | C21: =C20+1 -> 1027 | D21: =D20 -> 1025 | E21: 5 | F21: 800 | G21: 104 | H21: 0 | I21: 0 | J21: 1 | K21: axis | L21: =L20 -> 6 | M21: *
A22: 20 | B22: 軸6 数値指定移動 | C22: =C21+1 -> 1028 | D22: =D21 -> 1025 | E22: 5 | F22: 800 | G22: 104 | H22: 0 | I22: 0 | J22: 1 | K22: axis | L22: =L21 -> 6 | M22: *
A23: 21 | B23: 軸6 JOG移動 | C23: =C22+1 -> 1029 | D23: =D22 -> 1025 | E23: 5 | F23: 800 | G23: 104 | H23: 1 | I23: 0 | J23: 1 | K23: axis | L23: =L22 -> 6 | M23: *
A24: 22 | B24: 軸7 サーボON | C24: =D24+1 -> 1031 | D24: 1030 | E24: 6 | F24: 800 | G24: 64 | H24: 1 | I24: 0 | J24: 1 | K24: axis | L24: 7 | M24: *
A25: 23 | B25: 軸7 原点復帰 ポイント移動 | C25: =C24+1 -> 1032 | D25: =D24 -> 1030 | E25: 6 | F25: 800 | G25: 104 | H25: 0 | I25: 0 | J25: 1 | K25: axis | L25: =L24 -> 7 | M25: *
A26: 24 | B26: 軸7 数値指定移動 | C26: =C25+1 -> 1033 | D26: =D25 -> 1030 | E26: 6 | F26: 800 | G26: 104 | H26: 0 | I26: 0 | J26: 1 | K26: axis | L26: =L25 -> 7 | M26: *
A27: 25 | B27: 軸7 JOG移動 | C27: =C26+1 -> 1034 | D27: =D26 -> 1030 | E27: 6 | F27: 800 | G27: 104 | H27: 1 | I27: 0 | J27: 1 | K27: axis | L27: =L26 -> 7 | M27: *
A28: 26 | B28: 軸8 サーボON | C28: =D28+1 -> 1036 | D28: 1035 | E28: 7 | F28: 800 | G28: 64 | H28: 1 | I28: 0 | J28: 1 | K28: axis | L28: 8 | M28: *
A29: 27 | B29: 軸8 原点復帰 ポイント移動 | C29: =C28+1 -> 1037 | D29: =D28 -> 1035 | E29: 7 | F29: 800 | G29: 104 | H29: 0 | I29: 0 | J29: 1 | K29: axis | L29: =L28 -> 8 | M29: *
A30: 28 | B30: 軸8 数値指定移動 | C30: =C29+1 -> 1038 | D30: =D29 -> 1035 | E30: 7 | F30: 800 | G30: 104 | H30: 0 | I30: 0 | J30: 1 | K30: axis | L30: =L29 -> 8 | M30: *
A31: 29 | B31: 軸8 JOG移動 | C31: =C30+1 -> 1039 | D31: =D30 -> 1035 | E31: 7 | F31: 800 | G31: 104 | H31: 1 | I31: 0 | J31: 1 | K31: axis | L31: =L30 -> 8 | M31: *
A32: 30 | B32: 軸9 サーボON | C32: =D32+1 -> 1041 | D32: 1040 | E32: 8 | F32: 800 | G32: 64 | H32: 1 | I32: 0 | J32: 1 | K32: axis | L32: 9 | M32: *
A33: 31 | B33: 軸9 原点復帰 ポイント移動 | C33: =C32+1 -> 1042 | D33: =D32 -> 1040 | E33: 8 | F33: 800 | G33: 104 | H33: 0 | I33: 0 | J33: 1 | K33: axis | L33: =L32 -> 9 | M33: *
A34: 32 | B34: 軸9 数値指定移動 | C34: =C33+1 -> 1043 | D34: =D33 -> 1040 | E34: 8 | F34: 800 | G34: 104 | H34: 0 | I34: 0 | J34: 1 | K34: axis | L34: =L33 -> 9 | M34: *
A35: 33 | B35: 軸9 JOG移動 | C35: =C34+1 -> 1044 | D35: =D34 -> 1040 | E35: 8 | F35: 800 | G35: 104 | H35: 1 | I35: 0 | J35: 1 | K35: axis | L35: =L34 -> 9 | M35: *
A36: 34 | B36: 軸10 サーボON | C36: =D36+1 -> 1046 | D36: 1045 | E36: 9 | F36: 800 | G36: 64 | H36: 1 | I36: 0 | J36: 1 | K36: axis | L36: 10 | M36: *
A37: 35 | B37: 軸10 原点復帰 ポイント移動 | C37: =C36+1 -> 1047 | D37: =D36 -> 1045 | E37: 9 | F37: 800 | G37: 104 | H37: 0 | I37: 0 | J37: 1 | K37: axis | L37: =L36 -> 10 | M37: *
A38: 36 | B38: 軸10 数値指定移動 | C38: =C37+1 -> 1048 | D38: =D37 -> 1045 | E38: 9 | F38: 800 | G38: 104 | H38: 0 | I38: 0 | J38: 1 | K38: axis | L38: =L37 -> 10 | M38: *
A39: 37 | B39: 軸10 JOG移動 | C39: =C38+1 -> 1049 | D39: =D38 -> 1045 | E39: 9 | F39: 800 | G39: 104 | H39: 1 | I39: 0 | J39: 1 | K39: axis | L39: =L38 -> 10 | M39: *
A40: 38 | B40: 軸11 サーボON | C40: =D40+1 -> 1051 | D40: 1050 | E40: 10 | F40: 800 | G40: 64 | H40: 1 | I40: 0 | J40: 1 | K40: axis | L40: 11 | M40: *
A41: 39 | B41: 軸11 原点復帰 ポイント移動 | C41: =C40+1 -> 1052 | D41: =D40 -> 1050 | E41: 10 | F41: 800 | G41: 104 | H41: 0 | I41: 0 | J41: 1 | K41: axis | L41: =L40 -> 11 | M41: *
A42: 40 | B42: 軸11 数値指定移動 | C42: =C41+1 -> 1053 | D42: =D41 -> 1050 | E42: 10 | F42: 800 | G42: 104 | H42: 0 | I42: 0 | J42: 1 | K42: axis | L42: =L41 -> 11 | M42: *
A43: 41 | B43: 軸11 JOG移動 | C43: =C42+1 -> 1054 | D43: =D42 -> 1050 | E43: 10 | F43: 800 | G43: 104 | H43: 1 | I43: 0 | J43: 1 | K43: axis | L43: =L42 -> 11 | M43: *
A44: 42 | B44: 軸12 サーボON | C44: =D44+1 -> 1056 | D44: 1055 | E44: 11 | F44: 800 | G44: 64 | H44: 1 | I44: 0 | J44: 1 | K44: axis | L44: 12 | M44: *
A45: 43 | B45: 軸12 原点復帰 ポイント移動 | C45: =C44+1 -> 1057 | D45: =D44 -> 1055 | E45: 11 | F45: 800 | G45: 104 | H45: 0 | I45: 0 | J45: 1 | K45: axis | L45: =L44 -> 12 | M45: *
A46: 44 | B46: 軸12 数値指定移動 | C46: =C45+1 -> 1058 | D46: =D45 -> 1055 | E46: 11 | F46: 800 | G46: 104 | H46: 0 | I46: 0 | J46: 1 | K46: axis | L46: =L45 -> 12 | M46: *
A47: 45 | B47: 軸12 JOG移動 | C47: =C46+1 -> 1059 | D47: =D46 -> 1055 | E47: 11 | F47: 800 | G47: 104 | H47: 1 | I47: 0 | J47: 1 | K47: axis | L47: =L46 -> 12 | M47: *
A48: 46 | B48: 軸13 サーボON | C48: =D48+1 -> 1061 | D48: 1060 | E48: 12 | F48: 800 | G48: 64 | H48: 1 | I48: 0 | J48: 1 | K48: axis | L48: 13 | M48: *
A49: 47 | B49: 軸13 原点復帰 ポイント移動 | C49: =C48+1 -> 1062 | D49: =D48 -> 1060 | E49: 12 | F49: 800 | G49: 104 | H49: 0 | I49: 0 | J49: 1 | K49: axis | L49: =L48 -> 13 | M49: *
A50: 48 | B50: 軸13 数値指定移動 | C50: =C49+1 -> 1063 | D50: =D49 -> 1060 | E50: 12 | F50: 800 | G50: 104 | H50: 0 | I50: 0 | J50: 1 | K50: axis | L50: =L49 -> 13 | M50: *
A51: 49 | B51: 軸13 JOG移動 | C51: =C50+1 -> 1064 | D51: =D50 -> 1060 | E51: 12 | F51: 800 | G51: 104 | H51: 1 | I51: 0 | J51: 1 | K51: axis | L51: =L50 -> 13 | M51: *
A52: 50 | B52: 軸14 サーボON | C52: =D52+1 -> 1066 | D52: 1065 | E52: 13 | F52: 800 | G52: 64 | H52: 1 | I52: 0 | J52: 1 | K52: axis | L52: 14 | M52: *
A53: 51 | B53: 軸14 原点復帰 ポイント移動 | C53: =C52+1 -> 1067 | D53: =D52 -> 1065 | E53: 13 | F53: 800 | G53: 104 | H53: 0 | I53: 0 | J53: 1 | K53: axis | L53: =L52 -> 14 | M53: *
A54: 52 | B54: 軸14 数値指定移動 | C54: =C53+1 -> 1068 | D54: =D53 -> 1065 | E54: 13 | F54: 800 | G54: 104 | H54: 0 | I54: 0 | J54: 1 | K54: axis | L54: =L53 -> 14 | M54: *
A55: 53 | B55: 軸14 JOG移動 | C55: =C54+1 -> 1069 | D55: =D54 -> 1065 | E55: 13 | F55: 800 | G55: 104 | H55: 1 | I55: 0 | J55: 1 | K55: axis | L55: =L54 -> 14 | M55: *
A56: 54 | B56: 軸15 サーボON | C56: =D56+1 -> 1071 | D56: 1070 | E56: 14 | F56: 800 | G56: 64 | H56: 1 | I56: 0 | J56: 1 | K56: axis | L56: 15 | M56: *
A57: 55 | B57: 軸15 原点復帰 ポイント移動 | C57: =C56+1 -> 1072 | D57: =D56 -> 1070 | E57: 14 | F57: 800 | G57: 104 | H57: 0 | I57: 0 | J57: 1 | K57: axis | L57: =L56 -> 15 | M57: *
A58: 56 | B58: 軸15 数値指定移動 | C58: =C57+1 -> 1073 | D58: =D57 -> 1070 | E58: 14 | F58: 800 | G58: 104 | H58: 0 | I58: 0 | J58: 1 | K58: axis | L58: =L57 -> 15 | M58: *
A59: 57 | B59: 軸15 JOG移動 | C59: =C58+1 -> 1074 | D59: =D58 -> 1070 | E59: 14 | F59: 800 | G59: 104 | H59: 1 | I59: 0 | J59: 1 | K59: axis | L59: =L58 -> 15 | M59: *
A60: 58 | B60: 軸16 サーボON | C60: =D60+1 -> 1076 | D60: 1075 | E60: 15 | F60: 800 | G60: 64 | H60: 1 | I60: 0 | J60: 1 | K60: axis | L60: 16 | M60: *
A61: 59 | B61: 軸16 原点復帰 ポイント移動 | C61: =C60+1 -> 1077 | D61: =D60 -> 1075 | E61: 15 | F61: 800 | G61: 104 | H61: 0 | I61: 0 | J61: 1 | K61: axis | L61: =L60 -> 16 | M61: *
A62: 60 | B62: 軸16 数値指定移動 | C62: =C61+1 -> 1078 | D62: =D61 -> 1075 | E62: 15 | F62: 800 | G62: 104 | H62: 0 | I62: 0 | J62: 1 | K62: axis | L62: =L61 -> 16 | M62: *
A63: 61 | B63: 軸16 JOG移動 | C63: =C62+1 -> 1079 | D63: =D62 -> 1075 | E63: 15 | F63: 800 | G63: 104 | H63: 1 | I63: 0 | J63: 1 | K63: axis | L63: =L62 -> 16 | M63: *
A64: 62 | B64: シリンダ1 移動 | C64: =D64+1 -> 1101 | D64: 1100 | E64: 16 | F64: 800 | G64: 104 | H64: 0 | I64: 0 | J64: 2 | K64: cylinder | L64: 1 | M64: *
A65: 63 | B65: シリンダ2 移動 | C65: =D65+1 -> 1105 | D65: 1104 | E65: 17 | F65: 800 | G65: 104 | H65: 0 | I65: 0 | J65: 2 | K65: cylinder | L65: 2 | M65: *
A66: 64 | B66: シリンダ3 移動 | C66: =D66+1 -> 1109 | D66: 1108 | E66: 18 | F66: 800 | G66: 104 | H66: 0 | I66: 0 | J66: 2 | K66: cylinder | L66: 3 | M66: *
A67: 65 | B67: シリンダ4 移動 | C67: =D67+1 -> 1113 | D67: 1112 | E67: 19 | F67: 800 | G67: 104 | H67: 0 | I67: 0 | J67: 2 | K67: cylinder | L67: 4 | M67: *
A68: 66 | B68: シリンダ5 移動 | C68: =D68+1 -> 1117 | D68: 1116 | E68: 20 | F68: 800 | G68: 104 | H68: 0 | I68: 0 | J68: 2 | K68: cylinder | L68: 5 | M68: *
A69: 67 | B69: シリンダ6 移動 | C69: =D69+1 -> 1121 | D69: 1120 | E69: 21 | F69: 800 | G69: 104 | H69: 0 | I69: 0 | J69: 2 | K69: cylinder | L69: 6 | M69: *
A70: 68 | B70: シリンダ7 移動 | C70: =D70+1 -> 1125 | D70: 1124 | E70: 22 | F70: 800 | G70: 104 | H70: 0 | I70: 0 | J70: 2 | K70: cylinder | L70: 7 | M70: *
A71: 69 | B71: シリンダ8 移動 | C71: =D71+1 -> 1129 | D71: 1128 | E71: 23 | F71: 800 | G71: 104 | H71: 0 | I71: 0 | J71: 2 | K71: cylinder | L71: 8 | M71: *
A72: 70 | B72: シリンダ9 移動 | C72: =D72+1 -> 1133 | D72: 1132 | E72: 24 | F72: 800 | G72: 104 | H72: 0 | I72: 0 | J72: 2 | K72: cylinder | L72: 9 | M72: *
A73: 71 | B73: シリンダ10 移動 | C73: =D73+1 -> 1137 | D73: 1136 | E73: 25 | F73: 800 | G73: 104 | H73: 0 | I73: 0 | J73: 2 | K73: cylinder | L73: 10 | M73: *
A74: 72 | B74: シリンダ11 移動 | C74: =D74+1 -> 1141 | D74: 1140 | E74: 26 | F74: 800 | G74: 104 | H74: 0 | I74: 0 | J74: 2 | K74: cylinder | L74: 11 | M74: *
A75: 73 | B75: シリンダ12 移動 | C75: =D75+1 -> 1145 | D75: 1144 | E75: 27 | F75: 800 | G75: 104 | H75: 0 | I75: 0 | J75: 2 | K75: cylinder | L75: 12 | M75: *
... A83: 81 | B83: エレシリ1 移動 | C83: =D83+1 -> 1201 | D83: 1200 | E83: 35 | F83: 800 | G83: 104 | H83: 0 | I83: 0 | J83: 1 | K83: EC | L83: 1 | M83: *
A84: 82 | B84: エレシリ1 JOG | C84: =C83+1 -> 1202 | D84: =D83 -> 1200 | E84: 35 | F84: 800 | G84: 104 | H84: 0 | I84: 0 | J84: 1 | K84: EC | L84: =L83 -> 1 | M84: *
A85: 83 | M85: *
A86: 84 | M86: *
A87: 85 | M87: *
A88: 86 | M88: *
A89: 87 | M89: *
A90: 88 | M90: *
A91: 89 | M91: *
A92: 90 | M92: *
A93: 91 | M93: *
A94: 92 | M94: *
A95: 93 | M95: *
A96: 94 | M96: *
... A2049: 2047 | M2049: *

Sheet content_scripts
A1: 緒言 | D1: ウィンドウNo. | E1: id | F1: 名称 | G1: ウィンドウNo. | H1: タイトルウィンドウNo. | I1: 幅 | J1: 高さ | K1: セキュリティレベル | L1: 区分No. | M1: ウィンドウあり | N1: ウィンドウ数 | O1: デバイス番号 | P1: =G1 -> ウィンドウNo. | Q1: =H1 -> タイトルウィンドウNo. | R1: =I1 -> 幅 | S1: =J1 -> 高さ | T1: =K1 -> セキュリティレベル | U1: =L1 -> 区分No. | V1: スクリプト
A2: 開始デバイス | B2: 8300 | D2: 0 | E2: =IFERROR(INDEX(content!$A$2:$A$2049,MATCH($D2,content!$C$2:$C$2049,0),1),"") | F2: =IFERROR(INDEX(content!$B$2:$B$2049,MATCH($D2,content!$C$2:$C$2049,0),1),"") | G2: =IFERROR(INDEX(content!$C$2:$C$2049,MATCH($D2,content!$C$2:$C$2049,0),1),"") | H2: =IFERROR(INDEX(content!$D$2:$D$2049,MATCH($D2,content!$C$2:$C$2049,0),1),"") | I2: =IFERROR(INDEX(content!$F$2:$F$2049,MATCH($D2,content!$C$2:$C$2049,0),1),"") | J2: =IFERROR(INDEX(content!$G$2:$G$2049,MATCH($D2,content!$C$2:$C$2049,0),1),"") | K2: =IFERROR(INDEX(content!$H$2:$H$2049,MATCH($D2,content!$C$2:$C$2049,0),1),"") | L2: =IFERROR(INDEX(content!$I$2:$I$2049,MATCH($D2,content!$C$2:$C$2049,0),1),"") | M2: =IF(AND(LENB(G2),0<G2,LENB(I2),0<I2),"●","") | N2: =IF(LENB(M2),COUNTIF(M$2:M2,"●"),"") | O2: =IF(AND(LENB(N2),LENB($B$2),LENB($B$3)),$B$2+$B$3*(N2),"") | P2: =IF(LENB($O2),$B$4&$O2+COLUMN()-COLUMN($P2)&".U = "&G2&CHAR(9)&"'"&P$1,"") | Q2: =IF(LENB($O2),$B$4&$O2+COLUMN()-COLUMN($P2)&".U = "&H2&CHAR(9)&"'"&Q$1,"") | R2: =IF(LENB($O2),$B$4&$O2+COLUMN()-COLUMN($P2)&".U = "&I2&CHAR(9)&"'"&R$1,"") | S2: =IF(LENB($O2),$B$4&$O2+COLUMN()-COLUMN($P2)&".U = "&J2&CHAR(9)&"'"&S$1,"") | T2: =IF(LENB($O2),$B$4&$O2+COLUMN()-COLUMN($P2)&".U = "&K2&CHAR(9)&"'"&T$1,"") | U2: =IF(LENB($O2),$B$4&$O2+COLUMN()-COLUMN($P2)&".U = "&L2&CHAR(9)&"'"&U$1,"") | V2: =IF(LENB(N2),IF(1<N2,CHAR(10),"")&"'"&IF(F2=0,"名称未設定",F2)&CHAR(10)&P2&CHAR(10)&Q2&CHAR(10)&R2&CHAR(10)&S2&CHAR(10)&T2&CHAR(10)&U2,"")
A3: デバイス間隔 | B3: 12 | D3: 1 | E3: =IFERROR(INDEX(content!$A$2:$A$2049,MATCH($D3,content!$C$2:$C$2049,0),1),"") | F3: =IFERROR(INDEX(content!$B$2:$B$2049,MATCH($D3,content!$C$2:$C$2049,0),1),"") | G3: =IFERROR(INDEX(content!$C$2:$C$2049,MATCH($D3,content!$C$2:$C$2049,0),1),"") | H3: =IFERROR(INDEX(content!$D$2:$D$2049,MATCH($D3,content!$C$2:$C$2049,0),1),"") | I3: =IFERROR(INDEX(content!$F$2:$F$2049,MATCH($D3,content!$C$2:$C$2049,0),1),"") | J3: =IFERROR(INDEX(content!$G$2:$G$2049,MATCH($D3,content!$C$2:$C$2049,0),1),"") | K3: =IFERROR(INDEX(content!$H$2:$H$2049,MATCH($D3,content!$C$2:$C$2049,0),1),"") | L3: =IFERROR(INDEX(content!$I$2:$I$2049,MATCH($D3,content!$C$2:$C$2049,0),1),"") | M3: =IF(AND(LENB(G3),0<G3,LENB(I3),0<I3),"●","") | N3: =IF(LENB(M3),COUNTIF(M$2:M3,"●"),"") | O3: =IF(AND(LENB(N3),LENB($B$2),LENB($B$3)),$B$2+$B$3*(N3),"") | P3: =IF(LENB($O3),$B$4&$O3+COLUMN()-COLUMN($P3)&".U = "&G3&CHAR(9)&"'"&P$1,"") | Q3: =IF(LENB($O3),$B$4&$O3+COLUMN()-COLUMN($P3)&".U = "&H3&CHAR(9)&"'"&Q$1,"") | R3: =IF(LENB($O3),$B$4&$O3+COLUMN()-COLUMN($P3)&".U = "&I3&CHAR(9)&"'"&R$1,"") | S3: =IF(LENB($O3),$B$4&$O3+COLUMN()-COLUMN($P3)&".U = "&J3&CHAR(9)&"'"&S$1,"") | T3: =IF(LENB($O3),$B$4&$O3+COLUMN()-COLUMN($P3)&".U = "&K3&CHAR(9)&"'"&T$1,"") | U3: =IF(LENB($O3),$B$4&$O3+COLUMN()-COLUMN($P3)&".U = "&L3&CHAR(9)&"'"&U$1,"") | V3: =IF(LENB(N3),IF(1<N3,CHAR(10),"")&"'"&IF(F3=0,"名称未設定",F3)&CHAR(10)&P3&CHAR(10)&Q3&CHAR(10)&R3&CHAR(10)&S3&CHAR(10)&T3&CHAR(10)&U3,"")
A4: デバイス種別 | B4: DM | D4: 2 | E4: =IFERROR(INDEX(content!$A$2:$A$2049,MATCH($D4,content!$C$2:$C$2049,0),1),"") | F4: =IFERROR(INDEX(content!$B$2:$B$2049,MATCH($D4,content!$C$2:$C$2049,0),1),"") | G4: =IFERROR(INDEX(content!$C$2:$C$2049,MATCH($D4,content!$C$2:$C$2049,0),1),"") | H4: =IFERROR(INDEX(content!$D$2:$D$2049,MATCH($D4,content!$C$2:$C$2049,0),1),"") | I4: =IFERROR(INDEX(content!$F$2:$F$2049,MATCH($D4,content!$C$2:$C$2049,0),1),"") | J4: =IFERROR(INDEX(content!$G$2:$G$2049,MATCH($D4,content!$C$2:$C$2049,0),1),"") | K4: =IFERROR(INDEX(content!$H$2:$H$2049,MATCH($D4,content!$C$2:$C$2049,0),1),"") | L4: =IFERROR(INDEX(content!$I$2:$I$2049,MATCH($D4,content!$C$2:$C$2049,0),1),"") | M4: =IF(AND(LENB(G4),0<G4,LENB(I4),0<I4),"●","") | N4: =IF(LENB(M4),COUNTIF(M$2:M4,"●"),"") | O4: =IF(AND(LENB(N4),LENB($B$2),LENB($B$3)),$B$2+$B$3*(N4),"") | P4: =IF(LENB($O4),$B$4&$O4+COLUMN()-COLUMN($P4)&".U = "&G4&CHAR(9)&"'"&P$1,"") | Q4: =IF(LENB($O4),$B$4&$O4+COLUMN()-COLUMN($P4)&".U = "&H4&CHAR(9)&"'"&Q$1,"") | R4: =IF(LENB($O4),$B$4&$O4+COLUMN()-COLUMN($P4)&".U = "&I4&CHAR(9)&"'"&R$1,"") | S4: =IF(LENB($O4),$B$4&$O4+COLUMN()-COLUMN($P4)&".U = "&J4&CHAR(9)&"'"&S$1,"") | T4: =IF(LENB($O4),$B$4&$O4+COLUMN()-COLUMN($P4)&".U = "&K4&CHAR(9)&"'"&T$1,"") | U4: =IF(LENB($O4),$B$4&$O4+COLUMN()-COLUMN($P4)&".U = "&L4&CHAR(9)&"'"&U$1,"") | V4: =IF(LENB(N4),IF(1<N4,CHAR(10),"")&"'"&IF(F4=0,"名称未設定",F4)&CHAR(10)&P4&CHAR(10)&Q4&CHAR(10)&R4&CHAR(10)&S4&CHAR(10)&T4&CHAR(10)&U4,"")
D5: 3 | E5: =IFERROR(INDEX(content!$A$2:$A$2049,MATCH($D5,content!$C$2:$C$2049,0),1),"") | F5: =IFERROR(INDEX(content!$B$2:$B$2049,MATCH($D5,content!$C$2:$C$2049,0),1),"") | G5: =IFERROR(INDEX(content!$C$2:$C$2049,MATCH($D5,content!$C$2:$C$2049,0),1),"") | H5: =IFERROR(INDEX(content!$D$2:$D$2049,MATCH($D5,content!$C$2:$C$2049,0),1),"") | I5: =IFERROR(INDEX(content!$F$2:$F$2049,MATCH($D5,content!$C$2:$C$2049,0),1),"") | J5: =IFERROR(INDEX(content!$G$2:$G$2049,MATCH($D5,content!$C$2:$C$2049,0),1),"") | K5: =IFERROR(INDEX(content!$H$2:$H$2049,MATCH($D5,content!$C$2:$C$2049,0),1),"") | L5: =IFERROR(INDEX(content!$I$2:$I$2049,MATCH($D5,content!$C$2:$C$2049,0),1),"") | M5: =IF(AND(LENB(G5),0<G5,LENB(I5),0<I5),"●","") | N5: =IF(LENB(M5),COUNTIF(M$2:M5,"●"),"") | O5: =IF(AND(LENB(N5),LENB($B$2),LENB($B$3)),$B$2+$B$3*(N5),"") | P5: =IF(LENB($O5),$B$4&$O5+COLUMN()-COLUMN($P5)&".U = "&G5&CHAR(9)&"'"&P$1,"") | Q5: =IF(LENB($O5),$B$4&$O5+COLUMN()-COLUMN($P5)&".U = "&H5&CHAR(9)&"'"&Q$1,"") | R5: =IF(LENB($O5),$B$4&$O5+COLUMN()-COLUMN($P5)&".U = "&I5&CHAR(9)&"'"&R$1,"") | S5: =IF(LENB($O5),$B$4&$O5+COLUMN()-COLUMN($P5)&".U = "&J5&CHAR(9)&"'"&S$1,"") | T5: =IF(LENB($O5),$B$4&$O5+COLUMN()-COLUMN($P5)&".U = "&K5&CHAR(9)&"'"&T$1,"") | U5: =IF(LENB($O5),$B$4&$O5+COLUMN()-COLUMN($P5)&".U = "&L5&CHAR(9)&"'"&U$1,"") | V5: =IF(LENB(N5),IF(1<N5,CHAR(10),"")&"'"&IF(F5=0,"名称未設定",F5)&CHAR(10)&P5&CHAR(10)&Q5&CHAR(10)&R5&CHAR(10)&S5&CHAR(10)&T5&CHAR(10)&U5,"")
A6: 先頭注記 | B6: ="このスクリプトは "&B11&" によって生成されました。" -> このスクリプトは C:\tk\prj\hg-0025-0016\git\kv-x520\doc\[kv_script_conv_TP1_popup.xlsx]title_scripts(変数) によって生成されました。 | D6: 4 | E6: =IFERROR(INDEX(content!$A$2:$A$2049,MATCH($D6,content!$C$2:$C$2049,0),1),"") | F6: =IFERROR(INDEX(content!$B$2:$B$2049,MATCH($D6,content!$C$2:$C$2049,0),1),"") | G6: =IFERROR(INDEX(content!$C$2:$C$2049,MATCH($D6,content!$C$2:$C$2049,0),1),"") | H6: =IFERROR(INDEX(content!$D$2:$D$2049,MATCH($D6,content!$C$2:$C$2049,0),1),"") | I6: =IFERROR(INDEX(content!$F$2:$F$2049,MATCH($D6,content!$C$2:$C$2049,0),1),"") | J6: =IFERROR(INDEX(content!$G$2:$G$2049,MATCH($D6,content!$C$2:$C$2049,0),1),"") | K6: =IFERROR(INDEX(content!$H$2:$H$2049,MATCH($D6,content!$C$2:$C$2049,0),1),"") | L6: =IFERROR(INDEX(content!$I$2:$I$2049,MATCH($D6,content!$C$2:$C$2049,0),1),"") | M6: =IF(AND(LENB(G6),0<G6,LENB(I6),0<I6),"●","") | N6: =IF(LENB(M6),COUNTIF(M$2:M6,"●"),"") | O6: =IF(AND(LENB(N6),LENB($B$2),LENB($B$3)),$B$2+$B$3*(N6),"") | P6: =IF(LENB($O6),$B$4&$O6+COLUMN()-COLUMN($P6)&".U = "&G6&CHAR(9)&"'"&P$1,"") | Q6: =IF(LENB($O6),$B$4&$O6+COLUMN()-COLUMN($P6)&".U = "&H6&CHAR(9)&"'"&Q$1,"") | R6: =IF(LENB($O6),$B$4&$O6+COLUMN()-COLUMN($P6)&".U = "&I6&CHAR(9)&"'"&R$1,"") | S6: =IF(LENB($O6),$B$4&$O6+COLUMN()-COLUMN($P6)&".U = "&J6&CHAR(9)&"'"&S$1,"") | T6: =IF(LENB($O6),$B$4&$O6+COLUMN()-COLUMN($P6)&".U = "&K6&CHAR(9)&"'"&T$1,"") | U6: =IF(LENB($O6),$B$4&$O6+COLUMN()-COLUMN($P6)&".U = "&L6&CHAR(9)&"'"&U$1,"") | V6: =IF(LENB(N6),IF(1<N6,CHAR(10),"")&"'"&IF(F6=0,"名称未設定",F6)&CHAR(10)&P6&CHAR(10)&Q6&CHAR(10)&R6&CHAR(10)&S6&CHAR(10)&T6&CHAR(10)&U6,"")
A7: 末尾注記 | B7: -----ここまで生成script----- | D7: 5 | E7: =IFERROR(INDEX(content!$A$2:$A$2049,MATCH($D7,content!$C$2:$C$2049,0),1),"") | F7: =IFERROR(INDEX(content!$B$2:$B$2049,MATCH($D7,content!$C$2:$C$2049,0),1),"") | G7: =IFERROR(INDEX(content!$C$2:$C$2049,MATCH($D7,content!$C$2:$C$2049,0),1),"") | H7: =IFERROR(INDEX(content!$D$2:$D$2049,MATCH($D7,content!$C$2:$C$2049,0),1),"") | I7: =IFERROR(INDEX(content!$F$2:$F$2049,MATCH($D7,content!$C$2:$C$2049,0),1),"") | J7: =IFERROR(INDEX(content!$G$2:$G$2049,MATCH($D7,content!$C$2:$C$2049,0),1),"") | K7: =IFERROR(INDEX(content!$H$2:$H$2049,MATCH($D7,content!$C$2:$C$2049,0),1),"") | L7: =IFERROR(INDEX(content!$I$2:$I$2049,MATCH($D7,content!$C$2:$C$2049,0),1),"") | M7: =IF(AND(LENB(G7),0<G7,LENB(I7),0<I7),"●","") | N7: =IF(LENB(M7),COUNTIF(M$2:M7,"●"),"") | O7: =IF(AND(LENB(N7),LENB($B$2),LENB($B$3)),$B$2+$B$3*(N7),"") | P7: =IF(LENB($O7),$B$4&$O7+COLUMN()-COLUMN($P7)&".U = "&G7&CHAR(9)&"'"&P$1,"") | Q7: =IF(LENB($O7),$B$4&$O7+COLUMN()-COLUMN($P7)&".U = "&H7&CHAR(9)&"'"&Q$1,"") | R7: =IF(LENB($O7),$B$4&$O7+COLUMN()-COLUMN($P7)&".U = "&I7&CHAR(9)&"'"&R$1,"") | S7: =IF(LENB($O7),$B$4&$O7+COLUMN()-COLUMN($P7)&".U = "&J7&CHAR(9)&"'"&S$1,"") | T7: =IF(LENB($O7),$B$4&$O7+COLUMN()-COLUMN($P7)&".U = "&K7&CHAR(9)&"'"&T$1,"") | U7: =IF(LENB($O7),$B$4&$O7+COLUMN()-COLUMN($P7)&".U = "&L7&CHAR(9)&"'"&U$1,"") | V7: =IF(LENB(N7),IF(1<N7,CHAR(10),"")&"'"&IF(F7=0,"名称未設定",F7)&CHAR(10)&P7&CHAR(10)&Q7&CHAR(10)&R7&CHAR(10)&S7&CHAR(10)&T7&CHAR(10)&U7,"")
D8: 6 | E8: =IFERROR(INDEX(content!$A$2:$A$2049,MATCH($D8,content!$C$2:$C$2049,0),1),"") | F8: =IFERROR(INDEX(content!$B$2:$B$2049,MATCH($D8,content!$C$2:$C$2049,0),1),"") | G8: =IFERROR(INDEX(content!$C$2:$C$2049,MATCH($D8,content!$C$2:$C$2049,0),1),"") | H8: =IFERROR(INDEX(content!$D$2:$D$2049,MATCH($D8,content!$C$2:$C$2049,0),1),"") | I8: =IFERROR(INDEX(content!$F$2:$F$2049,MATCH($D8,content!$C$2:$C$2049,0),1),"") | J8: =IFERROR(INDEX(content!$G$2:$G$2049,MATCH($D8,content!$C$2:$C$2049,0),1),"") | K8: =IFERROR(INDEX(content!$H$2:$H$2049,MATCH($D8,content!$C$2:$C$2049,0),1),"") | L8: =IFERROR(INDEX(content!$I$2:$I$2049,MATCH($D8,content!$C$2:$C$2049,0),1),"") | M8: =IF(AND(LENB(G8),0<G8,LENB(I8),0<I8),"●","") | N8: =IF(LENB(M8),COUNTIF(M$2:M8,"●"),"") | O8: =IF(AND(LENB(N8),LENB($B$2),LENB($B$3)),$B$2+$B$3*(N8),"") | P8: =IF(LENB($O8),$B$4&$O8+COLUMN()-COLUMN($P8)&".U = "&G8&CHAR(9)&"'"&P$1,"") | Q8: =IF(LENB($O8),$B$4&$O8+COLUMN()-COLUMN($P8)&".U = "&H8&CHAR(9)&"'"&Q$1,"") | R8: =IF(LENB($O8),$B$4&$O8+COLUMN()-COLUMN($P8)&".U = "&I8&CHAR(9)&"'"&R$1,"") | S8: =IF(LENB($O8),$B$4&$O8+COLUMN()-COLUMN($P8)&".U = "&J8&CHAR(9)&"'"&S$1,"") | T8: =IF(LENB($O8),$B$4&$O8+COLUMN()-COLUMN($P8)&".U = "&K8&CHAR(9)&"'"&T$1,"") | U8: =IF(LENB($O8),$B$4&$O8+COLUMN()-COLUMN($P8)&".U = "&L8&CHAR(9)&"'"&U$1,"") | V8: =IF(LENB(N8),IF(1<N8,CHAR(10),"")&"'"&IF(F8=0,"名称未設定",F8)&CHAR(10)&P8&CHAR(10)&Q8&CHAR(10)&R8&CHAR(10)&S8&CHAR(10)&T8&CHAR(10)&U8,"")
D9: 7 | E9: =IFERROR(INDEX(content!$A$2:$A$2049,MATCH($D9,content!$C$2:$C$2049,0),1),"") | F9: =IFERROR(INDEX(content!$B$2:$B$2049,MATCH($D9,content!$C$2:$C$2049,0),1),"") | G9: =IFERROR(INDEX(content!$C$2:$C$2049,MATCH($D9,content!$C$2:$C$2049,0),1),"") | H9: =IFERROR(INDEX(content!$D$2:$D$2049,MATCH($D9,content!$C$2:$C$2049,0),1),"") | I9: =IFERROR(INDEX(content!$F$2:$F$2049,MATCH($D9,content!$C$2:$C$2049,0),1),"") | J9: =IFERROR(INDEX(content!$G$2:$G$2049,MATCH($D9,content!$C$2:$C$2049,0),1),"") | K9: =IFERROR(INDEX(content!$H$2:$H$2049,MATCH($D9,content!$C$2:$C$2049,0),1),"") | L9: =IFERROR(INDEX(content!$I$2:$I$2049,MATCH($D9,content!$C$2:$C$2049,0),1),"") | M9: =IF(AND(LENB(G9),0<G9,LENB(I9),0<I9),"●","") | N9: =IF(LENB(M9),COUNTIF(M$2:M9,"●"),"") | O9: =IF(AND(LENB(N9),LENB($B$2),LENB($B$3)),$B$2+$B$3*(N9),"") | P9: =IF(LENB($O9),$B$4&$O9+COLUMN()-COLUMN($P9)&".U = "&G9&CHAR(9)&"'"&P$1,"") | Q9: =IF(LENB($O9),$B$4&$O9+COLUMN()-COLUMN($P9)&".U = "&H9&CHAR(9)&"'"&Q$1,"") | R9: =IF(LENB($O9),$B$4&$O9+COLUMN()-COLUMN($P9)&".U = "&I9&CHAR(9)&"'"&R$1,"") | S9: =IF(LENB($O9),$B$4&$O9+COLUMN()-COLUMN($P9)&".U = "&J9&CHAR(9)&"'"&S$1,"") | T9: =IF(LENB($O9),$B$4&$O9+COLUMN()-COLUMN($P9)&".U = "&K9&CHAR(9)&"'"&T$1,"") | U9: =IF(LENB($O9),$B$4&$O9+COLUMN()-COLUMN($P9)&".U = "&L9&CHAR(9)&"'"&U$1,"") | V9: =IF(LENB(N9),IF(1<N9,CHAR(10),"")&"'"&IF(F9=0,"名称未設定",F9)&CHAR(10)&P9&CHAR(10)&Q9&CHAR(10)&R9&CHAR(10)&S9&CHAR(10)&T9&CHAR(10)&U9,"")
D10: 8 | E10: =IFERROR(INDEX(content!$A$2:$A$2049,MATCH($D10,content!$C$2:$C$2049,0),1),"") | F10: =IFERROR(INDEX(content!$B$2:$B$2049,MATCH($D10,content!$C$2:$C$2049,0),1),"") | G10: =IFERROR(INDEX(content!$C$2:$C$2049,MATCH($D10,content!$C$2:$C$2049,0),1),"") | H10: =IFERROR(INDEX(content!$D$2:$D$2049,MATCH($D10,content!$C$2:$C$2049,0),1),"") | I10: =IFERROR(INDEX(content!$F$2:$F$2049,MATCH($D10,content!$C$2:$C$2049,0),1),"") | J10: =IFERROR(INDEX(content!$G$2:$G$2049,MATCH($D10,content!$C$2:$C$2049,0),1),"") | K10: =IFERROR(INDEX(content!$H$2:$H$2049,MATCH($D10,content!$C$2:$C$2049,0),1),"") | L10: =IFERROR(INDEX(content!$I$2:$I$2049,MATCH($D10,content!$C$2:$C$2049,0),1),"") | M10: =IF(AND(LENB(G10),0<G10,LENB(I10),0<I10),"●","") | N10: =IF(LENB(M10),COUNTIF(M$2:M10,"●"),"") | O10: =IF(AND(LENB(N10),LENB($B$2),LENB($B$3)),$B$2+$B$3*(N10),"") | P10: =IF(LENB($O10),$B$4&$O10+COLUMN()-COLUMN($P10)&".U = "&G10&CHAR(9)&"'"&P$1,"") | Q10: =IF(LENB($O10),$B$4&$O10+COLUMN()-COLUMN($P10)&".U = "&H10&CHAR(9)&"'"&Q$1,"") | R10: =IF(LENB($O10),$B$4&$O10+COLUMN()-COLUMN($P10)&".U = "&I10&CHAR(9)&"'"&R$1,"") | S10: =IF(LENB($O10),$B$4&$O10+COLUMN()-COLUMN($P10)&".U = "&J10&CHAR(9)&"'"&S$1,"") | T10: =IF(LENB($O10),$B$4&$O10+COLUMN()-COLUMN($P10)&".U = "&K10&CHAR(9)&"'"&T$1,"") | U10: =IF(LENB($O10),$B$4&$O10+COLUMN()-COLUMN($P10)&".U = "&L10&CHAR(9)&"'"&U$1,"") | V10: =IF(LENB(N10),IF(1<N10,CHAR(10),"")&"'"&IF(F10=0,"名称未設定",F10)&CHAR(10)&P10&CHAR(10)&Q10&CHAR(10)&R10&CHAR(10)&S10&CHAR(10)&T10&CHAR(10)&U10,"")
A11: ファイル | B11: {=CELL("filename")} -> C:\tk\prj\hg-0025-0016\git\kv-x520\doc\[kv_script_conv_TP1_popup.xlsx]title_scripts(変数) | D11: 9 | E11: =IFERROR(INDEX(content!$A$2:$A$2049,MATCH($D11,content!$C$2:$C$2049,0),1),"") | F11: =IFERROR(INDEX(content!$B$2:$B$2049,MATCH($D11,content!$C$2:$C$2049,0),1),"") | G11: =IFERROR(INDEX(content!$C$2:$C$2049,MATCH($D11,content!$C$2:$C$2049,0),1),"") | H11: =IFERROR(INDEX(content!$D$2:$D$2049,MATCH($D11,content!$C$2:$C$2049,0),1),"") | I11: =IFERROR(INDEX(content!$F$2:$F$2049,MATCH($D11,content!$C$2:$C$2049,0),1),"") | J11: =IFERROR(INDEX(content!$G$2:$G$2049,MATCH($D11,content!$C$2:$C$2049,0),1),"") | K11: =IFERROR(INDEX(content!$H$2:$H$2049,MATCH($D11,content!$C$2:$C$2049,0),1),"") | L11: =IFERROR(INDEX(content!$I$2:$I$2049,MATCH($D11,content!$C$2:$C$2049,0),1),"") | M11: =IF(AND(LENB(G11),0<G11,LENB(I11),0<I11),"●","") | N11: =IF(LENB(M11),COUNTIF(M$2:M11,"●"),"") | O11: =IF(AND(LENB(N11),LENB($B$2),LENB($B$3)),$B$2+$B$3*(N11),"") | P11: =IF(LENB($O11),$B$4&$O11+COLUMN()-COLUMN($P11)&".U = "&G11&CHAR(9)&"'"&P$1,"") | Q11: =IF(LENB($O11),$B$4&$O11+COLUMN()-COLUMN($P11)&".U = "&H11&CHAR(9)&"'"&Q$1,"") | R11: =IF(LENB($O11),$B$4&$O11+COLUMN()-COLUMN($P11)&".U = "&I11&CHAR(9)&"'"&R$1,"") | S11: =IF(LENB($O11),$B$4&$O11+COLUMN()-COLUMN($P11)&".U = "&J11&CHAR(9)&"'"&S$1,"") | T11: =IF(LENB($O11),$B$4&$O11+COLUMN()-COLUMN($P11)&".U = "&K11&CHAR(9)&"'"&T$1,"") | U11: =IF(LENB($O11),$B$4&$O11+COLUMN()-COLUMN($P11)&".U = "&L11&CHAR(9)&"'"&U$1,"") | V11: =IF(LENB(N11),IF(1<N11,CHAR(10),"")&"'"&IF(F11=0,"名称未設定",F11)&CHAR(10)&P11&CHAR(10)&Q11&CHAR(10)&R11&CHAR(10)&S11&CHAR(10)&T11&CHAR(10)&U11,"")
D12: 10 | E12: =IFERROR(INDEX(content!$A$2:$A$2049,MATCH($D12,content!$C$2:$C$2049,0),1),"") | F12: =IFERROR(INDEX(content!$B$2:$B$2049,MATCH($D12,content!$C$2:$C$2049,0),1),"") | G12: =IFERROR(INDEX(content!$C$2:$C$2049,MATCH($D12,content!$C$2:$C$2049,0),1),"") | H12: =IFERROR(INDEX(content!$D$2:$D$2049,MATCH($D12,content!$C$2:$C$2049,0),1),"") | I12: =IFERROR(INDEX(content!$F$2:$F$2049,MATCH($D12,content!$C$2:$C$2049,0),1),"") | J12: =IFERROR(INDEX(content!$G$2:$G$2049,MATCH($D12,content!$C$2:$C$2049,0),1),"") | K12: =IFERROR(INDEX(content!$H$2:$H$2049,MATCH($D12,content!$C$2:$C$2049,0),1),"") | L12: =IFERROR(INDEX(content!$I$2:$I$2049,MATCH($D12,content!$C$2:$C$2049,0),1),"") | M12: =IF(AND(LENB(G12),0<G12,LENB(I12),0<I12),"●","") | N12: =IF(LENB(M12),COUNTIF(M$2:M12,"●"),"") | O12: =IF(AND(LENB(N12),LENB($B$2),LENB($B$3)),$B$2+$B$3*(N12),"") | P12: =IF(LENB($O12),$B$4&$O12+COLUMN()-COLUMN($P12)&".U = "&G12&CHAR(9)&"'"&P$1,"") | Q12: =IF(LENB($O12),$B$4&$O12+COLUMN()-COLUMN($P12)&".U = "&H12&CHAR(9)&"'"&Q$1,"") | R12: =IF(LENB($O12),$B$4&$O12+COLUMN()-COLUMN($P12)&".U = "&I12&CHAR(9)&"'"&R$1,"") | S12: =IF(LENB($O12),$B$4&$O12+COLUMN()-COLUMN($P12)&".U = "&J12&CHAR(9)&"'"&S$1,"") | T12: =IF(LENB($O12),$B$4&$O12+COLUMN()-COLUMN($P12)&".U = "&K12&CHAR(9)&"'"&T$1,"") | U12: =IF(LENB($O12),$B$4&$O12+COLUMN()-COLUMN($P12)&".U = "&L12&CHAR(9)&"'"&U$1,"") | V12: =IF(LENB(N12),IF(1<N12,CHAR(10),"")&"'"&IF(F12=0,"名称未設定",F12)&CHAR(10)&P12&CHAR(10)&Q12&CHAR(10)&R12&CHAR(10)&S12&CHAR(10)&T12&CHAR(10)&U12,"")
D13: 11 | E13: =IFERROR(INDEX(content!$A$2:$A$2049,MATCH($D13,content!$C$2:$C$2049,0),1),"") | F13: =IFERROR(INDEX(content!$B$2:$B$2049,MATCH($D13,content!$C$2:$C$2049,0),1),"") | G13: =IFERROR(INDEX(content!$C$2:$C$2049,MATCH($D13,content!$C$2:$C$2049,0),1),"") | H13: =IFERROR(INDEX(content!$D$2:$D$2049,MATCH($D13,content!$C$2:$C$2049,0),1),"") | I13: =IFERROR(INDEX(content!$F$2:$F$2049,MATCH($D13,content!$C$2:$C$2049,0),1),"") | J13: =IFERROR(INDEX(content!$G$2:$G$2049,MATCH($D13,content!$C$2:$C$2049,0),1),"") | K13: =IFERROR(INDEX(content!$H$2:$H$2049,MATCH($D13,content!$C$2:$C$2049,0),1),"") | L13: =IFERROR(INDEX(content!$I$2:$I$2049,MATCH($D13,content!$C$2:$C$2049,0),1),"") | M13: =IF(AND(LENB(G13),0<G13,LENB(I13),0<I13),"●","") | N13: =IF(LENB(M13),COUNTIF(M$2:M13,"●"),"") | O13: =IF(AND(LENB(N13),LENB($B$2),LENB($B$3)),$B$2+$B$3*(N13),"") | P13: =IF(LENB($O13),$B$4&$O13+COLUMN()-COLUMN($P13)&".U = "&G13&CHAR(9)&"'"&P$1,"") | Q13: =IF(LENB($O13),$B$4&$O13+COLUMN()-COLUMN($P13)&".U = "&H13&CHAR(9)&"'"&Q$1,"") | R13: =IF(LENB($O13),$B$4&$O13+COLUMN()-COLUMN($P13)&".U = "&I13&CHAR(9)&"'"&R$1,"") | S13: =IF(LENB($O13),$B$4&$O13+COLUMN()-COLUMN($P13)&".U = "&J13&CHAR(9)&"'"&S$1,"") | T13: =IF(LENB($O13),$B$4&$O13+COLUMN()-COLUMN($P13)&".U = "&K13&CHAR(9)&"'"&T$1,"") | U13: =IF(LENB($O13),$B$4&$O13+COLUMN()-COLUMN($P13)&".U = "&L13&CHAR(9)&"'"&U$1,"") | V13: =IF(LENB(N13),IF(1<N13,CHAR(10),"")&"'"&IF(F13=0,"名称未設定",F13)&CHAR(10)&P13&CHAR(10)&Q13&CHAR(10)&R13&CHAR(10)&S13&CHAR(10)&T13&CHAR(10)&U13,"")
D14: 12 | E14: =IFERROR(INDEX(content!$A$2:$A$2049,MATCH($D14,content!$C$2:$C$2049,0),1),"") | F14: =IFERROR(INDEX(content!$B$2:$B$2049,MATCH($D14,content!$C$2:$C$2049,0),1),"") | G14: =IFERROR(INDEX(content!$C$2:$C$2049,MATCH($D14,content!$C$2:$C$2049,0),1),"") | H14: =IFERROR(INDEX(content!$D$2:$D$2049,MATCH($D14,content!$C$2:$C$2049,0),1),"") | I14: =IFERROR(INDEX(content!$F$2:$F$2049,MATCH($D14,content!$C$2:$C$2049,0),1),"") | J14: =IFERROR(INDEX(content!$G$2:$G$2049,MATCH($D14,content!$C$2:$C$2049,0),1),"") | K14: =IFERROR(INDEX(content!$H$2:$H$2049,MATCH($D14,content!$C$2:$C$2049,0),1),"") | L14: =IFERROR(INDEX(content!$I$2:$I$2049,MATCH($D14,content!$C$2:$C$2049,0),1),"") | M14: =IF(AND(LENB(G14),0<G14,LENB(I14),0<I14),"●","") | N14: =IF(LENB(M14),COUNTIF(M$2:M14,"●"),"") | O14: =IF(AND(LENB(N14),LENB($B$2),LENB($B$3)),$B$2+$B$3*(N14),"") | P14: =IF(LENB($O14),$B$4&$O14+COLUMN()-COLUMN($P14)&".U = "&G14&CHAR(9)&"'"&P$1,"") | Q14: =IF(LENB($O14),$B$4&$O14+COLUMN()-COLUMN($P14)&".U = "&H14&CHAR(9)&"'"&Q$1,"") | R14: =IF(LENB($O14),$B$4&$O14+COLUMN()-COLUMN($P14)&".U = "&I14&CHAR(9)&"'"&R$1,"") | S14: =IF(LENB($O14),$B$4&$O14+COLUMN()-COLUMN($P14)&".U = "&J14&CHAR(9)&"'"&S$1,"") | T14: =IF(LENB($O14),$B$4&$O14+COLUMN()-COLUMN($P14)&".U = "&K14&CHAR(9)&"'"&T$1,"") | U14: =IF(LENB($O14),$B$4&$O14+COLUMN()-COLUMN($P14)&".U = "&L14&CHAR(9)&"'"&U$1,"") | V14: =IF(LENB(N14),IF(1<N14,CHAR(10),"")&"'"&IF(F14=0,"名称未設定",F14)&CHAR(10)&P14&CHAR(10)&Q14&CHAR(10)&R14&CHAR(10)&S14&CHAR(10)&T14&CHAR(10)&U14,"")
D15: 13 | E15: =IFERROR(INDEX(content!$A$2:$A$2049,MATCH($D15,content!$C$2:$C$2049,0),1),"") | F15: =IFERROR(INDEX(content!$B$2:$B$2049,MATCH($D15,content!$C$2:$C$2049,0),1),"") | G15: =IFERROR(INDEX(content!$C$2:$C$2049,MATCH($D15,content!$C$2:$C$2049,0),1),"") | H15: =IFERROR(INDEX(content!$D$2:$D$2049,MATCH($D15,content!$C$2:$C$2049,0),1),"") | I15: =IFERROR(INDEX(content!$F$2:$F$2049,MATCH($D15,content!$C$2:$C$2049,0),1),"") | J15: =IFERROR(INDEX(content!$G$2:$G$2049,MATCH($D15,content!$C$2:$C$2049,0),1),"") | K15: =IFERROR(INDEX(content!$H$2:$H$2049,MATCH($D15,content!$C$2:$C$2049,0),1),"") | L15: =IFERROR(INDEX(content!$I$2:$I$2049,MATCH($D15,content!$C$2:$C$2049,0),1),"") | M15: =IF(AND(LENB(G15),0<G15,LENB(I15),0<I15),"●","") | N15: =IF(LENB(M15),COUNTIF(M$2:M15,"●"),"") | O15: =IF(AND(LENB(N15),LENB($B$2),LENB($B$3)),$B$2+$B$3*(N15),"") | P15: =IF(LENB($O15),$B$4&$O15+COLUMN()-COLUMN($P15)&".U = "&G15&CHAR(9)&"'"&P$1,"") | Q15: =IF(LENB($O15),$B$4&$O15+COLUMN()-COLUMN($P15)&".U = "&H15&CHAR(9)&"'"&Q$1,"") | R15: =IF(LENB($O15),$B$4&$O15+COLUMN()-COLUMN($P15)&".U = "&I15&CHAR(9)&"'"&R$1,"") | S15: =IF(LENB($O15),$B$4&$O15+COLUMN()-COLUMN($P15)&".U = "&J15&CHAR(9)&"'"&S$1,"") | T15: =IF(LENB($O15),$B$4&$O15+COLUMN()-COLUMN($P15)&".U = "&K15&CHAR(9)&"'"&T$1,"") | U15: =IF(LENB($O15),$B$4&$O15+COLUMN()-COLUMN($P15)&".U = "&L15&CHAR(9)&"'"&U$1,"") | V15: =IF(LENB(N15),IF(1<N15,CHAR(10),"")&"'"&IF(F15=0,"名称未設定",F15)&CHAR(10)&P15&CHAR(10)&Q15&CHAR(10)&R15&CHAR(10)&S15&CHAR(10)&T15&CHAR(10)&U15,"")
D16: 14 | E16: =IFERROR(INDEX(content!$A$2:$A$2049,MATCH($D16,content!$C$2:$C$2049,0),1),"") | F16: =IFERROR(INDEX(content!$B$2:$B$2049,MATCH($D16,content!$C$2:$C$2049,0),1),"") | G16: =IFERROR(INDEX(content!$C$2:$C$2049,MATCH($D16,content!$C$2:$C$2049,0),1),"") | H16: =IFERROR(INDEX(content!$D$2:$D$2049,MATCH($D16,content!$C$2:$C$2049,0),1),"") | I16: =IFERROR(INDEX(content!$F$2:$F$2049,MATCH($D16,content!$C$2:$C$2049,0),1),"") | J16: =IFERROR(INDEX(content!$G$2:$G$2049,MATCH($D16,content!$C$2:$C$2049,0),1),"") | K16: =IFERROR(INDEX(content!$H$2:$H$2049,MATCH($D16,content!$C$2:$C$2049,0),1),"") | L16: =IFERROR(INDEX(content!$I$2:$I$2049,MATCH($D16,content!$C$2:$C$2049,0),1),"") | M16: =IF(AND(LENB(G16),0<G16,LENB(I16),0<I16),"●","") | N16: =IF(LENB(M16),COUNTIF(M$2:M16,"●"),"") | O16: =IF(AND(LENB(N16),LENB($B$2),LENB($B$3)),$B$2+$B$3*(N16),"") | P16: =IF(LENB($O16),$B$4&$O16+COLUMN()-COLUMN($P16)&".U = "&G16&CHAR(9)&"'"&P$1,"") | Q16: =IF(LENB($O16),$B$4&$O16+COLUMN()-COLUMN($P16)&".U = "&H16&CHAR(9)&"'"&Q$1,"") | R16: =IF(LENB($O16),$B$4&$O16+COLUMN()-COLUMN($P16)&".U = "&I16&CHAR(9)&"'"&R$1,"") | S16: =IF(LENB($O16),$B$4&$O16+COLUMN()-COLUMN($P16)&".U = "&J16&CHAR(9)&"'"&S$1,"") | T16: =IF(LENB($O16),$B$4&$O16+COLUMN()-COLUMN($P16)&".U = "&K16&CHAR(9)&"'"&T$1,"") | U16: =IF(LENB($O16),$B$4&$O16+COLUMN()-COLUMN($P16)&".U = "&L16&CHAR(9)&"'"&U$1,"") | V16: =IF(LENB(N16),IF(1<N16,CHAR(10),"")&"'"&IF(F16=0,"名称未設定",F16)&CHAR(10)&P16&CHAR(10)&Q16&CHAR(10)&R16&CHAR(10)&S16&CHAR(10)&T16&CHAR(10)&U16,"")
D17: 15 | E17: =IFERROR(INDEX(content!$A$2:$A$2049,MATCH($D17,content!$C$2:$C$2049,0),1),"") | F17: =IFERROR(INDEX(content!$B$2:$B$2049,MATCH($D17,content!$C$2:$C$2049,0),1),"") | G17: =IFERROR(INDEX(content!$C$2:$C$2049,MATCH($D17,content!$C$2:$C$2049,0),1),"") | H17: =IFERROR(INDEX(content!$D$2:$D$2049,MATCH($D17,content!$C$2:$C$2049,0),1),"") | I17: =IFERROR(INDEX(content!$F$2:$F$2049,MATCH($D17,content!$C$2:$C$2049,0),1),"") | J17: =IFERROR(INDEX(content!$G$2:$G$2049,MATCH($D17,content!$C$2:$C$2049,0),1),"") | K17: =IFERROR(INDEX(content!$H$2:$H$2049,MATCH($D17,content!$C$2:$C$2049,0),1),"") | L17: =IFERROR(INDEX(content!$I$2:$I$2049,MATCH($D17,content!$C$2:$C$2049,0),1),"") | M17: =IF(AND(LENB(G17),0<G17,LENB(I17),0<I17),"●","") | N17: =IF(LENB(M17),COUNTIF(M$2:M17,"●"),"") | O17: =IF(AND(LENB(N17),LENB($B$2),LENB($B$3)),$B$2+$B$3*(N17),"") | P17: =IF(LENB($O17),$B$4&$O17+COLUMN()-COLUMN($P17)&".U = "&G17&CHAR(9)&"'"&P$1,"") | Q17: =IF(LENB($O17),$B$4&$O17+COLUMN()-COLUMN($P17)&".U = "&H17&CHAR(9)&"'"&Q$1,"") | R17: =IF(LENB($O17),$B$4&$O17+COLUMN()-COLUMN($P17)&".U = "&I17&CHAR(9)&"'"&R$1,"") | S17: =IF(LENB($O17),$B$4&$O17+COLUMN()-COLUMN($P17)&".U = "&J17&CHAR(9)&"'"&S$1,"") | T17: =IF(LENB($O17),$B$4&$O17+COLUMN()-COLUMN($P17)&".U = "&K17&CHAR(9)&"'"&T$1,"") | U17: =IF(LENB($O17),$B$4&$O17+COLUMN()-COLUMN($P17)&".U = "&L17&CHAR(9)&"'"&U$1,"") | V17: =IF(LENB(N17),IF(1<N17,CHAR(10),"")&"'"&IF(F17=0,"名称未設定",F17)&CHAR(10)&P17&CHAR(10)&Q17&CHAR(10)&R17&CHAR(10)&S17&CHAR(10)&T17&CHAR(10)&U17,"")
D18: 16 | E18: =IFERROR(INDEX(content!$A$2:$A$2049,MATCH($D18,content!$C$2:$C$2049,0),1),"") | F18: =IFERROR(INDEX(content!$B$2:$B$2049,MATCH($D18,content!$C$2:$C$2049,0),1),"") | G18: =IFERROR(INDEX(content!$C$2:$C$2049,MATCH($D18,content!$C$2:$C$2049,0),1),"") | H18: =IFERROR(INDEX(content!$D$2:$D$2049,MATCH($D18,content!$C$2:$C$2049,0),1),"") | I18: =IFERROR(INDEX(content!$F$2:$F$2049,MATCH($D18,content!$C$2:$C$2049,0),1),"") | J18: =IFERROR(INDEX(content!$G$2:$G$2049,MATCH($D18,content!$C$2:$C$2049,0),1),"") | K18: =IFERROR(INDEX(content!$H$2:$H$2049,MATCH($D18,content!$C$2:$C$2049,0),1),"") | L18: =IFERROR(INDEX(content!$I$2:$I$2049,MATCH($D18,content!$C$2:$C$2049,0),1),"") | M18: =IF(AND(LENB(G18),0<G18,LENB(I18),0<I18),"●","") | N18: =IF(LENB(M18),COUNTIF(M$2:M18,"●"),"") | O18: =IF(AND(LENB(N18),LENB($B$2),LENB($B$3)),$B$2+$B$3*(N18),"") | P18: =IF(LENB($O18),$B$4&$O18+COLUMN()-COLUMN($P18)&".U = "&G18&CHAR(9)&"'"&P$1,"") | Q18: =IF(LENB($O18),$B$4&$O18+COLUMN()-COLUMN($P18)&".U = "&H18&CHAR(9)&"'"&Q$1,"") | R18: =IF(LENB($O18),$B$4&$O18+COLUMN()-COLUMN($P18)&".U = "&I18&CHAR(9)&"'"&R$1,"") | S18: =IF(LENB($O18),$B$4&$O18+COLUMN()-COLUMN($P18)&".U = "&J18&CHAR(9)&"'"&S$1,"") | T18: =IF(LENB($O18),$B$4&$O18+COLUMN()-COLUMN($P18)&".U = "&K18&CHAR(9)&"'"&T$1,"") | U18: =IF(LENB($O18),$B$4&$O18+COLUMN()-COLUMN($P18)&".U = "&L18&CHAR(9)&"'"&U$1,"") | V18: =IF(LENB(N18),IF(1<N18,CHAR(10),"")&"'"&IF(F18=0,"名称未設定",F18)&CHAR(10)&P18&CHAR(10)&Q18&CHAR(10)&R18&CHAR(10)&S18&CHAR(10)&T18&CHAR(10)&U18,"")
D19: 17 | E19: =IFERROR(INDEX(content!$A$2:$A$2049,MATCH($D19,content!$C$2:$C$2049,0),1),"") | F19: =IFERROR(INDEX(content!$B$2:$B$2049,MATCH($D19,content!$C$2:$C$2049,0),1),"") | G19: =IFERROR(INDEX(content!$C$2:$C$2049,MATCH($D19,content!$C$2:$C$2049,0),1),"") | H19: =IFERROR(INDEX(content!$D$2:$D$2049,MATCH($D19,content!$C$2:$C$2049,0),1),"") | I19: =IFERROR(INDEX(content!$F$2:$F$2049,MATCH($D19,content!$C$2:$C$2049,0),1),"") | J19: =IFERROR(INDEX(content!$G$2:$G$2049,MATCH($D19,content!$C$2:$C$2049,0),1),"") | K19: =IFERROR(INDEX(content!$H$2:$H$2049,MATCH($D19,content!$C$2:$C$2049,0),1),"") | L19: =IFERROR(INDEX(content!$I$2:$I$2049,MATCH($D19,content!$C$2:$C$2049,0),1),"") | M19: =IF(AND(LENB(G19),0<G19,LENB(I19),0<I19),"●","") | N19: =IF(LENB(M19),COUNTIF(M$2:M19,"●"),"") | O19: =IF(AND(LENB(N19),LENB($B$2),LENB($B$3)),$B$2+$B$3*(N19),"") | P19: =IF(LENB($O19),$B$4&$O19+COLUMN()-COLUMN($P19)&".U = "&G19&CHAR(9)&"'"&P$1,"") | Q19: =IF(LENB($O19),$B$4&$O19+COLUMN()-COLUMN($P19)&".U = "&H19&CHAR(9)&"'"&Q$1,"") | R19: =IF(LENB($O19),$B$4&$O19+COLUMN()-COLUMN($P19)&".U = "&I19&CHAR(9)&"'"&R$1,"") | S19: =IF(LENB($O19),$B$4&$O19+COLUMN()-COLUMN($P19)&".U = "&J19&CHAR(9)&"'"&S$1,"") | T19: =IF(LENB($O19),$B$4&$O19+COLUMN()-COLUMN($P19)&".U = "&K19&CHAR(9)&"'"&T$1,"") | U19: =IF(LENB($O19),$B$4&$O19+COLUMN()-COLUMN($P19)&".U = "&L19&CHAR(9)&"'"&U$1,"") | V19: =IF(LENB(N19),IF(1<N19,CHAR(10),"")&"'"&IF(F19=0,"名称未設定",F19)&CHAR(10)&P19&CHAR(10)&Q19&CHAR(10)&R19&CHAR(10)&S19&CHAR(10)&T19&CHAR(10)&U19,"")
D20: 18 | E20: =IFERROR(INDEX(content!$A$2:$A$2049,MATCH($D20,content!$C$2:$C$2049,0),1),"") | F20: =IFERROR(INDEX(content!$B$2:$B$2049,MATCH($D20,content!$C$2:$C$2049,0),1),"") | G20: =IFERROR(INDEX(content!$C$2:$C$2049,MATCH($D20,content!$C$2:$C$2049,0),1),"") | H20: =IFERROR(INDEX(content!$D$2:$D$2049,MATCH($D20,content!$C$2:$C$2049,0),1),"") | I20: =IFERROR(INDEX(content!$F$2:$F$2049,MATCH($D20,content!$C$2:$C$2049,0),1),"") | J20: =IFERROR(INDEX(content!$G$2:$G$2049,MATCH($D20,content!$C$2:$C$2049,0),1),"") | K20: =IFERROR(INDEX(content!$H$2:$H$2049,MATCH($D20,content!$C$2:$C$2049,0),1),"") | L20: =IFERROR(INDEX(content!$I$2:$I$2049,MATCH($D20,content!$C$2:$C$2049,0),1),"") | M20: =IF(AND(LENB(G20),0<G20,LENB(I20),0<I20),"●","") | N20: =IF(LENB(M20),COUNTIF(M$2:M20,"●"),"") | O20: =IF(AND(LENB(N20),LENB($B$2),LENB($B$3)),$B$2+$B$3*(N20),"") | P20: =IF(LENB($O20),$B$4&$O20+COLUMN()-COLUMN($P20)&".U = "&G20&CHAR(9)&"'"&P$1,"") | Q20: =IF(LENB($O20),$B$4&$O20+COLUMN()-COLUMN($P20)&".U = "&H20&CHAR(9)&"'"&Q$1,"") | R20: =IF(LENB($O20),$B$4&$O20+COLUMN()-COLUMN($P20)&".U = "&I20&CHAR(9)&"'"&R$1,"") | S20: =IF(LENB($O20),$B$4&$O20+COLUMN()-COLUMN($P20)&".U = "&J20&CHAR(9)&"'"&S$1,"") | T20: =IF(LENB($O20),$B$4&$O20+COLUMN()-COLUMN($P20)&".U = "&K20&CHAR(9)&"'"&T$1,"") | U20: =IF(LENB($O20),$B$4&$O20+COLUMN()-COLUMN($P20)&".U = "&L20&CHAR(9)&"'"&U$1,"") | V20: =IF(LENB(N20),IF(1<N20,CHAR(10),"")&"'"&IF(F20=0,"名称未設定",F20)&CHAR(10)&P20&CHAR(10)&Q20&CHAR(10)&R20&CHAR(10)&S20&CHAR(10)&T20&CHAR(10)&U20,"")
